Unnamed: 0,Unnamed: 1,Unnamed: 2,Unnamed: 4,Unnamed: 5,Unnamed: 6,Unnamed: 7,Jours couverts,31,Hypohèse 1 : 15 pirogues FMF dans les sites couverts et 25 dans les strates de Kango,Unnamed: 12,Unnamed: 13,Unnamed: 14,Unnamed: 15,Unnamed: 16,Unnamed: 17,Unnamed: 18,Unnamed: 19,Unnamed: 20,Unnamed: 21,Unnamed: 22,Unnamed: 23,Unnamed: 24,Unnamed: 25,Unnamed: 26,Unnamed: 27,Année,(Tous),Unnamed: 32,Données enquête cadre,Unnamed: 36,Unnamed: 37,Unnamed: 38,Unnamed: 39,Unnamed: 40,Unnamed: 41
,,,,Mois,(Tous),,Jours actifs,24,Hypothèse 2 : 24 jours de pêche dans le mois,,,,,,Nbre engins actifs,,,,,,,,,,,Engin,(Tous),,,,,,,,
Strate_mineure,(Tous),,,Enginpeche,(Tous),,,,Hypothèse 3 : Le nombre d'échantillons observés ne représente que le 1/5 des débarquements réel,,,,,,,,,,,,,,,,,Mois,(Tous),,Engins identifiées,Nombre,Engin enquêté,,,,
,,,,,,,,,Janvier,,,,,,,,,,,,,,,,,,,,Filet maillant de fond,18,Oui,,,,
Valeurs,,,,Étiquettes de lignes,Nombre de Cpue,Moyenne de Cpue2,,,Nbre débarquement,BAC,Nbre de jour pêche,CPUE,,,,,,kg,,,,,,,,Étiquettes de lignes,Nombre de Cpue (kg/jr),Moyenne de Cpue (kg/jr),Filet maillant de fond/Filet maillant encerclant,1,Oui,,,,
Somme de Banane de Mer,271,,1,2024-06-27 00:00:00,97,81.35189003436427,,1,5,0.16129032258064516,3.870967741935484,58.50666666666666,,Calcul capture total,,,,,,,,,,,,01-janv,9,24.77777777777778,Filet maillant de fond/Nasse,3,Oui,,,,
Somme de Barbillon,7045.8,,2,2024-01-20 00:00:00,52,117.82108974358972,,2,9,0.2903225806451613,6.967741935483872,29.77777777777778,,Nbr echantillion suffisante?,,,,,,,,,,,,02-janv,2,39,Filet maillant dérivant,9,Oui,,,,
Somme de Bars,456225.20000000007,,3,2024-01-27 00:00:00,65,319.83284615384605,,3,10,0.3225806451612903,7.741935483870968,28.73333333333333,,rel erreur CPUE,0.13109884583367715,,,,,,,,,,,03-janv,5,32.1,Filet maillant encerclant,4,Oui,,,,
Somme de Bécune,74543.99999999997,,4,2024-01-25 00:00:00,55,83.59024242424242,,4,7,0.22580645161290322,5.419354838709677,47.52380952380951,,rel erreur Jour de peche,0.047574048728076836,,,,,,,,,,,04-janv,1,89,Ligne de fond,11,Oui,,,,
Somme de Bossu,264210.7000000002,,5,2024-02-10 00:00:00,52,227.74503205128207,,5,2,0.06451612903225806,1.5483870967741935,42.5,,,,,,,,,,,,,,05-janv,1,178,Nasse,12,Oui,,,,
Somme de Capitaine,168529.5609881423,,6,2024-02-21 00:00:00,124,202.19987903225805,,6,9,0.2903225806451613,6.967741935483872,19.111111111111114,,,,,,,,,,,,,,06-janv,3,26.333333333333332,Nasse/Ligne de fond,2,,,,,
Somme de Carangue,16465,,7,2024-03-03 00:00:00,19,153.40026315789473,,7,1,0.03225806451612903,0.7741935483870968,37.5,,CPUE moyenne,31.21717825769909,,,,,,,,,,,07-janv,1,120,Palangre,3,,,,,
Somme de Carpe,1700.5999999999995,,8,2024-02-14 00:00:00,59,137.6881920903955,,8,1,0.03225806451612903,0.7741935483870968,30,,Ecart type moyenne,11.69822228689594,,,,,,,,,,,09-janv,4,59.8125,Total général,63,,,,,
Somme de Ceinture,1931,,9,2024-02-16 00:00:00,143,147.01132867132867,,9,9,0.2903225806451613,6.967741935483872,32.92592592592593,,n CPUE,24,,,Erreur standard,2.387889625045765,,,,,,,10-janv,2,3,,,,,,,
Somme de Crabe,1313.8,,10,2024-01-11 00:00:00,127,177.2051443569554,,10,13,0.41935483870967744,10.064516129032258,22.307692307692314,,Tn-1 CPUE 90%,1.7138715277470482,,,Limite de confiance,4.092536039768511,,,,,,,14-janv,1,150,,,,,,,
Somme de Crevette,89,,11,2024-03-14 00:00:00,52,78.41974358974359,,11,2,0.06451612903225806,1.5483870967741935,10.666666666666666,,,,,,,,,,,,,,15-janv,2,57.25,Données modélisées,,,,,,
Somme de Disque,18245.700000000004,,12,2024-01-15 00:00:00,99,229.1313131313131,,12,4,0.12903225806451613,3.096774193548387,18.166666666666664,,Nbr jour de peche moyenne,24,,,,,,,,,,,16-janv,3,44,,,,,,,
Somme de Divers,17589.4,,13,2024-03-24 00:00:00,6,76.3125,,13,2,0.06451612903225806,1.5483870967741935,22.083333333333336,,Ecart type jour de peche,3.2636885786260277,,,,,,,,,,,17-janv,1,105,Engins identifiées,Commune,Département,,,,
Somme de Dorade Grise,39120.399999999994,,14,2024-01-19 00:00:00,91,105.5029304029304,148.22279640325922,14,4,0.12903225806451613,3.096774193548387,56.33333333333333,,n jour de peche,24,,,,,,,,,,,18-janv,2,88,Filet maillant de fond,15,25,Oui,,,
Somme de Dorade Rose,55134.399999999994,,15,2024-02-09 00:00:00,103,141.09954692556633,,15,8,0.25806451612903225,6.193548387096774,27.437500000000004,,tn-1 jour de peches 90%,1.7138715277470482,,,Erreur standard,0.6661976414152555,,,,,,,19-janv,7,26.571428571428573,Filet maillant dérivant,11,15,Oui,,,
Somme de Langouste,244,,16,2024-01-09 00:00:00,70,179.63690476190476,,16,4,0.12903225806451613,3.096774193548387,32.333333333333336,,Moyenne BAC,0.143010752688172,,,Limite de confiance,1.1417771694738441,,,,,,,20-janv,7,24.857142857142858,Ligne de fond,11,15,Oui,,,
Somme de Machoiron de mer,68577.59999999995,,17,2024-01-16 00:00:00,114,207.452850877193,,17,10,0.3225806451612903,7.741935483870968,31.166666666666664,,,,,,,,,,,,,,21-janv,4,24.5,Nasse,11,43,Oui,,,
Somme de Maquéreau,23794.199999999997,,18,2024-01-21 00:00:00,26,82.86134615384616,,18,10,0.3225806451612903,7.741935483870968,30.099999999999994,,,,,,,,,,,,,,23-janv,3,58.833333333333336,Palangre,4,4,Oui,,,
Somme de Merou,27794,,19,2024-03-19 00:00:00,13,129.10036630036632,,19,2,0.06451612903225806,1.5483870967741935,26.666666666666668,,Effort de pêche (jr),102.96774193548389,,,,,,,,,,,27-janv,1,120,Total général,52,102,,,,
Somme de Mulet,258258.40000000005,,20,2024-02-05 00:00:00,38,223.75438596491227,,20,3,0.0967741935483871,2.32258064516129,20.222222222222218,,,,,,,,,,,,,,28-janv,4,5.5,,,,,,,
Somme de Raie,489.6,,21,2024-03-29 00:00:00,25,106.71786666666667,,21,13,0.41935483870967744,10.064516129032258,32.87179487179487,,,,,,,,,,,,,,29-janv,3,47.166666666666664,,,,,,,
Somme de Requin,,,22,2024-01-26 00:00:00,140,180.3739166666666,,22,3,0.0967741935483871,2.32258064516129,17.77777777777778,,,,,,,,,,,,,,30-janv,3,56,,,,,,,
Somme de Rouge,83590.59999999995,,23,2024-01-13 00:00:00,100,167.90286666666668,,23,1,0.03225806451612903,0.7741935483870968,39.5,,,,,,,,,,,,,,02-févr,4,23.833333333333332,,,,,,,
Somme de Sardine,3594120.5,,24,2024-01-30 00:00:00,54,104.80401234567904,,24,1,0.03225806451612903,0.7741935483870968,35,,,,,,,,,,,,,,03-févr,7,28.928571428571427,Engins identifiées,Filet maillant de fond,Filet maillant dérivant,Ligne de fond,Nasse,Palangre,Total général
Somme de Sole,12742.2,,25,2024-02-13 00:00:00,52,169.84717948717952,,25,,0,0,,,,,,,,,,,,,,,04-févr,1,7.5,Département,25,15,15,43,4,102
Somme de Thon,84507.95999999996,,26,2024-02-25 00:00:00,91,198.46282051282057,,26,,0,0,,,,749.2122781847781,,,,,,,,,,,05-févr,1,4,,,,,,,
Somme de Turbo,17569.199999999997,,27,2024-03-16 00:00:00,13,71.60192307692307,,27,,0,0,,,,,,,,,,,,,,,07-févr,7,36.214285714285715,,,,,,,
,,,28,2024-02-17 00:00:00,113,193.52345132743366,,28,,0,0,,,,,,,,,,,,,,,09-févr,1,79,,,,,,,
,,,29,2024-03-26 00:00:00,14,107.30214285714285,,29,,0,0,,,,,,,,,,,,,,,10-févr,4,93.45833333333333,,,,,,,
,,,30,2024-03-21 00:00:00,40,45.029916666666665,,30,,0,0,,,,,,,,,,,,,,,11-févr,3,44,Engins identifiées,Département,Nbre debarq.,,,,
Somme de Banane de Mer,271,,31,2024-06-29 00:00:00,95,94.40340350877192,,31,,,,,,,,,,,,,,,,,,13-févr,3,17.5,Filet maillant de fond,25,264,,,,
Somme de Barbillon,7045.8,,,2024-06-28 00:00:00,139,94.78267386091126,,,,,,,,,,,,,,,,,,,,14-févr,7,39.07142857142857,Filet maillant dérivant,15,180,,,,
Somme de Bars,456225.20000000007,,,2024-07-04 00:00:00,82,285.9315040650408,,,,,,,,,,,,,,,,,,,,16-févr,1,11,Ligne de fond,15,120,,,,
Somme de Bécune,74543.99999999997,,,2024-08-05 00:00:00,73,273.76826484018267,,,,,,,,Strate_mineure,Engin,Nombre,Nbre jours actifs,Nbre debarq/mois,Nbre debarq/an,,Strate_mineure,Engin,,,,17-févr,1,14.5,Nasse,43,220,,,,
Somme de Bossu,264210.7000000002,,,2024-06-18 00:00:00,110,97.33396969696969,,,,,,,,Aviation,Filet maillant de fond,94,24,8,96,,(Tous),(Tous),,,,18-févr,1,19,Palangre,4,,,,,
Somme de Capitaine,168529.5609881423,,,2024-01-29 00:00:00,91,189.14102564102566,,,,,,,,Aviation,Filet maillant dérivant,10,24,12,144,,Nbre engins,,,,,22-févr,2,39.5,Total général,102,,,,,
Somme de Carangue,16465,,,2024-01-22 00:00:00,29,111.43103448275862,,,,,,,,Aviation,Filet sardine,17,24,24,288,,Jours actifs,,,,,23-févr,4,64.5,,,,,,,
Somme de Carpe,1700.5999999999995,,,2024-06-30 00:00:00,28,129.7014880952381,,,,,,,,Aviation,Ligne de fond,1,24,8,96,,Nbre débarq,,,,,25-févr,3,36.666666666666664,,,,,,,
Somme de Ceinture,1931,,,2024-01-24 00:00:00,31,156.0094086021506,,,,,,,,Libreville,Filet maillant de fond,172,24,12,144,,,,,,,28-févr,7,42.471428571428575,Engins identifiées,,,,,,
Somme de Crabe,1313.8,,,2024-01-23 00:00:00,33,186.47151515151518,,,,,,,,Libreville,Filet maillant dérivant,10,24,24,288,,,,,,,01-mars,3,38.5,Nbre engins actifs,,,,,,
Somme de Crevette,89,,,2024-02-27 00:00:00,67,187.71539800995026,,,,,,,,Libreville,Filet mulet,22,24,24,288,,,,,,,03-mars,1,39,,,,,,,
Somme de Disque,18245.700000000004,,,2024-02-07 00:00:00,45,201.89014814814817,,,,,,,,Libreville,Filet sardine,220,24,24,288,,,,,,,04-mars,5,25.9,,,,,,,
Somme de Divers,17589.4,,,2024-05-30 00:00:00,67,81.33509950248755,,,,,,,,Libreville,Ligne à main,1,24,8,96,,,,,,,06-mars,1,52.5,Année,(Tous),,,,,
Somme de Dorade Grise,39120.399999999994,,,2024-05-24 00:00:00,47,135.93404255319152,,,,,,,,Libreville,Ligne de fond,9,24,8,96,,,,,,,07-mars,1,80,Engin,(Tous),,,,,
Somme de Dorade Rose,55134.399999999994,,,2024-06-15 00:00:00,72,90.61527777777775,,,,,,,,Libreville,Palangre,9,24,8,96,,,,,,,08-mars,1,90,Mois,(Tous),,,,,
Somme de Langouste,244,,,2024-06-14 00:00:00,110,95.30083333333336,,,,,,,,Libreville,Senne tournante,21,24,24,288,,,,,,,10-mars,1,9,,,,,,,
Somme de Machoiron de mer,68577.59999999995,,,2024-01-14 00:00:00,49,115.88863945578231,,,,,,,,Mayumba,Filet maillant de fond,1,24,12,144,,,,,,,11-mars,5,35.7,Étiquettes de lignes,Nombre de Site de débarquement,,,,,
Somme de Maquéreau,23794.199999999997,,,2024-02-08 00:00:00,67,138.60684079601995,,Mois,(Tous),,,,,Owendo,Filet maillant de fond,93,24,12,144,,,,,,,15-mars,4,12.75,Centre des Pêches,493,,,,,
Somme de Merou,27794,,,2024-06-08 00:00:00,97,76.70051546391754,,Enginpeche,(Tous),,,,,Owendo,Filet mulet,8,24,24,288,,,,,,,17-mars,1,19,(vide),,Manquant,,,Sur 50%,
Somme de Mulet,258258.40000000005,,,2024-02-26 00:00:00,50,188.06333333333336,,,,Pirogues observées,,,,Owendo,Filet sardine,9,24,24,288,,,,,,,18-mars,4,9.875,Centre des Pêches,493,,493,,1,
Somme de Raie,489.6,,,2024-02-20 00:00:00,137,208.99961070559613,,Étiquettes de lignes,,555,,,,Owendo,Ligne de fond,12,24,8,96,,,,,,,23-mars,1,40,Débarqu. Total,,,2958,,0.5,
Somme de Requin,0,,,2024-06-22 00:00:00,53,98.82389937106917,1,Abibi 1 OW. 022/02,,,,,,Owendo,Palangre,14,24,8,96,,,,,,,24-mars,3,10,,,,,,,
Somme de Rouge,83590.59999999995,,,2024-02-18 00:00:00,89,180.96913857677905,2,Abla afko L.197/90,,,,,,,,,,,,,,,,,,28-mars,6,31.888888888888886,,0.5,,,,,
Somme de Sardine,3594120.5,,,2024-08-08 00:00:00,149,142.51862416107383,3,Abla fisherman L. 009/95,,,,,,,,723,,,,,,,,,,30-mars,10,16.066666666666666,,,,,,,
Somme de Sole,12742.2,,,2024-08-14 00:00:00,42,157.4801587301587,4,Abla L. 019/97,,,,,,,,,,,,,,,,,,01-avr,3,31.583333333333332,,,,,,,
Somme de Thon,84507.95999999996,,,2024-08-16 00:00:00,51,160.30261437908496,5,Ade L. 114/02,,,,,,,,,,,,,,,,,,04-avr,2,28.5,,,,,,,
Somme de Turbo,17569.199999999997,,,2024-06-07 00:00:00,153,87.6228213507625,6,Adehin OW. 126/20,,,,,,Pirogues observées,Pirogues actives,Coef,Pirogues estimées,Coef2,,,,,,,,06-avr,1,78,,,,,,,
,,,,2024-02-04 00:00:00,22,101.55962121212123,7,Ademola KG. 042/14,,,,,,555,,,,,,,,,,,,07-avr,3,22,,,,,,,
,5294103.820988143,,,2024-08-09 00:00:00,145,129.3937931034483,8,Adjoua OW. 067/08,,,,,,,,,,,,,,,,,,08-avr,7,23.166666666666668,,,,,,,
,,,,2024-08-15 00:00:00,73,129.75045662100456,9,Agbo Ola KG. 036/14,,,,,,Effort estimé,,,,,,,,,,,,09-avr,7,30.833333333333336,,,,,,,
,,,,2024-01-31 00:00:00,36,75.89375,10,Agnin L. 131/96,,,,,,Echantillons couverts,2142,,,,,,,,,,,10-avr,1,50,,,,,,,
,,,,2024-02-29 00:00:00,71,55.412441314553966,11,Aime OW. 265/06,,,,,,Débarquements prévus,,,,,,,,,,,,11-avr,3,23.88888888888889,,,,,,,
Banane de Mer,5.1189022573686126e-05,,,2024-02-28 00:00:00,109,191.55129969418957,12,Air Gabon OW. 323/06,,,,,,Taux couverture,,,,,,,,,,,,12-avr,8,39.270833333333336,,,,,,,
Barbillon,0.0013308768090394012,,,2024-08-23 00:00:00,34,68.85588235294118,13,Akewa L. 046/00,,,,,,,,,,,,,,,,,,13-avr,8,35.25,,,,,,,
Bars,0.08617609616783937,,,2024-05-23 00:00:00,33,126.19737373737374,14,Alade 2 OW. 049/18,,,,,,Estimation max,Capture (Tonnes),Effort (jr),Valeur (.000 f.cfa),,,,,,,,,14-avr,8,32.1875,,,,,,,
Bécune,0.014080570106025302,,,2024-02-22 00:00:00,125,282.55138666666664,15,Alix OW. 336/10,,,,,,Aviation,1152.1165525426136,4201.059651462554,,274.24427361832784,,,,,,,,18-avr,4,11.75,,,,,,,
Bossu,0.04990659589117868,,,2024-05-21 00:00:00,60,164.90416666666667,16,Americain OW. 010/02,,,,,,Libreville,16341.404263261753,28682.07566321921,,569.742736025808,,,,,,,,19-avr,3,36.88888888888889,,,,,,,
Capitaine,0.03183344465592409,,,2024-02-15 00:00:00,135,146.92990123456784,17,Amoussogbbo L. 047/94,,,,,,Owendo,158.09275085034014,885.1774891774892,,178.60005793554535,,,,,,,,20-avr,6,38.916666666666664,,,,,,,
Carangue,0.003110063677770266,,,2024-05-31 00:00:00,31,92.93709677419355,18,Anaya,,,,,,Total,17651.61356665471,33768.312803859255,,522.7271397651047,,,,,,,,21-avr,5,33.8,,,,,,,
Carpe,0.00032122528335354464,,,2024-08-10 00:00:00,160,110.76098958333333,19,Andrew L. 280/99,,,,,,,,,,,,,,,,,,22-avr,4,42.5,,,,,,,
Ceinture,0.00036474539701028747,,,2024-08-22 00:00:00,49,97.55238095238096,20,Angonavai OW. 099/19,,,,,,,,,,,,,,,,,,25-avr,5,38.5,,,,,,,
Crabe,0.0002481628703221728,,,2024-07-30 00:00:00,89,108.24213483146066,21,Aniambie Akewa OW. 098/19,,,,,,,,,,,,,,,,,,26-avr,8,32.125,,,,,,,
Crevette,1.681115501497441e-05,,,2024-07-23 00:00:00,67,140.57611940298509,22,Aniola OW. 202/01,,,,,,,,,,,,,,,,,,27-avr,12,20.88888888888889,,,,,,,
Disque,0.003446419000637288,,,2024-07-17 00:00:00,101,159.91069306930692,23,Anna L. 250/07,,,,,,Estimation min,Capture (Tonnes),Effort (jr),Valeur (.000 f.cfa),,,,,,,,,28-avr,4,22.5,,,,,,,
Divers,0.0033224508991055155,,,2024-07-07 00:00:00,18,70.19166666666666,24,Anu Oluwa L. 017/96,,,,,,Aviation,865.4386361607707,4970.03863497027,,174.131168734053,,,,,,,,29-avr,2,2.5,,,,,,,
Dorade Grise,0.007389428187053986,,,2024-07-29 00:00:00,64,164.39114583333333,25,APG CC. 345/12,,,,,,Libreville,11368.585182734001,17467.40838329783,,650.8455595281401,,,,,,,,01-mai,2,62,,,,,,,
Dorade Rose,0.010414302753456235,,,2024-07-22 00:00:00,50,191.10066666666668,26,Atiritara 2 CC. 201/08,,,,,,Owendo,683.0730067246584,3078.258170235836,,221.9024425337027,,,,,,,,02-mai,6,33.46111111111111,,,,,,,
Langouste,4.608900925453658e-05,,,2024-07-15 00:00:00,68,395.2001470588235,27,Avallou OW. 128/20,,,,,,Total,12917.09682561943,25515.705188503936,,506.24102803316634,,,,,,,,04-mai,7,38,,,,,,,
Machoiron de mer,0.012953580496122564,,,2024-07-28 00:00:00,19,196.51228070175438,28,Ayenu CC. 143/06,,,,,,,,,,,,,,,,,,05-mai,9,30.259259259259263,,,,,,,
Maquéreau,0.0044944717377225175,,,2024-07-05 00:00:00,127,192.1041994750656,29,Ayila OW. 320/12,,,,,,,,,,,,,,,,,,06-mai,2,37.25,,,,,,,
Merou,0.005249991488608974,,,2024-07-31 00:00:00,86,151.44258028792913,30,Babatunde OW. 121/01,,,,,,,,,,,,,,,,,,08-mai,1,122,,,,,,,
Mulet,0.04878226962156481,,,2024-07-24 00:00:00,95,119.47491228070173,31,Baro 2 OW. 150/12,,,,,,,Filet maillant de fond,Filet maillant dérivant,Filet mulet,Filet sardine,Ligne à main,Ligne de fond,Senne tournante,,,,,09-mai,4,17.75,,,,,,,
Raie,9.248024152057833e-05,,,2024-07-16 00:00:00,58,185.8783251231527,32,Baro 2 OW. 150/20,,,,,Aviation,Efforts (jr),2476.404363636364,206.05439893730187,0,634.3466666666667,0,0,0,,,,,10-mai,5,21.8,,,,,,,
Requin,0,,,2024-07-06 00:00:00,108,236.1873456790123,33,Bebe 2 L. 307/02,,,,,,Captures (T),192.9935791877128,12.778794298114912,0,315.45982962468696,0,0,0,,,,,11-mai,2,73,,,,,,,
Rouge,0.0157893767909519,,,2024-07-14 00:00:00,35,97.49399999999997,34,Bebe 3 L. 256/00,,,,,,CPUE (kg/jr),62.33312270856715,31.63292291438506,0,182.83652309128775,0,0,0,,,,,12-mai,10,31.475,,,,,,,
Sardine,0.678891200764015,,,2024-04-07 00:00:00,7,41.14285714285715,35,Bebe CC. 330/11,,,,,,Nbre débarq.,267,482,0,180,0,0,0,,,,,13-mai,9,22.111111111111114,,,,,,,
Sole,0.00240686628575064,,,2024-07-21 00:00:00,19,67.39631578947368,36,Beckam 1 L. 018/05,,,,,,Taux échant.,0.11835106382978722,0.875,0,0.14705882352941177,0,0,0,,,,,16-mai,2,63.25,,,,,,,
Thon,0.015962656354598384,,,2024-08-01 00:00:00,35,132.61761904761906,37,Beckam 2 OW. 104/19,,,,,,,,,,,,,,,,,,17-mai,11,54.31818181818182,,,,,,,
Turbo,0.003318635333585262,,,2024-08-02 00:00:00,47,301.87943262411346,38,Bekale 2 OW. 103/19,,,,,Libreville,Efforts (jr),5572.8,60.42542585115878,286.09279758536127,9482.294274783562,8,247.09090909090907,779.8473193473193,,,,,18-mai,8,36,,,,,,,
,,,,2024-07-12 00:00:00,142,88.49744131455398,39,Bekale 22 OW. 058/11,,,,,,Captures (T),1169.451298228148,34.69499548184055,246.22932678456002,3254.0432805460327,4.563200000000001,64.78514380165288,763.192014785849,,,,,19-mai,4,32.25,,,,,,,
,0.9999999999999999,,,2024-07-26 00:00:00,112,114.2452380952381,40,Bekale 25 OW. 012/08,,,,,,CPUE (kg/jr),52.048776543209875,55.414958476329495,98.90533687824522,203.00006728028927,71.30000000000001,76.06271464646464,370.65438937126595,,,,,20-mai,7,31.976190476190474,,,,,,,
,,,,2024-09-11 00:00:00,42,153.15079365079364,41,Bekale 26 L. 015/05,,,,,,Nbre débarq.,66,773,220,2978,3,21,565,,,,,21-mai,1,80,,,,,,,
Données estimées,,,,2024-09-07 00:00:00,52,161.44134615384615,42,Bekale 3 L. 028/03,,,,,,Taux échant.,0.01065891472868217,1.073611111111111,0.1388888888888889,0.18800505050505048,0.375,0.14583333333333334,0.37367724867724866,,,,,22-mai,1,121,,,,,,,
Capture totale (kg),3746.061390923891,3746.0613909238905,,2024-09-26 00:00:00,69,161.15942028985506,43,Bekale 5,,,,,,,,,,,,,,,,,,23-mai,4,34.58333333333333,,,,,,,
,,,,2024-05-04 00:00:00,14,53.74166666666667,44,Bekale 6 OW. 091/11,,,,,,,,,,,,,,,,,,24-mai,5,35.9,,,,,,,
,(Tous),,,2024-06-05 00:00:00,85,95.1044705882353,45,Bekale 8 OW. 077/08,,,,,Owendo,Efforts (jr),885.1774891774892,0,0,0,0,0,0,,,,,25-mai,4,54.125,,,,,,,
Banane de Mer,0.1917572211024171,,,2024-01-06 00:00:00,117,176.57065527065527,46,Bekale 8 OW. 077/08,,,,,,Captures (T),158.09275085034014,0,0,0,0,0,0,,,,,26-mai,6,31.5,,,,,,,
Barbillon,4.985546230418489,,,2024-03-20 00:00:00,9,215.77777777777777,47,Bekale 9 L. 028/13,,,,,,CPUE (kg/jr),41.89364252645503,0,0,0,0,0,0,,,,,27-mai,6,29.583333333333332,,,,,,,
Bars,322.82094667488735,,,2024-06-19 00:00:00,70,114.85714285714288,48,Bekam 1 L. 018/05,,,,,,Nbre débarq.,62,0,0,0,0,0,0,,,,,30-mai,9,36.888888888888886,,,,,,,
Bécune,52.7466800363785,,,2024-01-17 00:00:00,108,170.12405864197532,49,Bekam 2 OW. 104/19,,,,,,Taux échant.,0.027777777777777776,0,0,0,0,0,0,,,,,31-mai,14,24.642857142857142,,,,,,,
Bossu,186.95317202038532,,,2024-08-29 00:00:00,100,111.66333333333333,50,Bella L. 001/03,,,,,,,,,,,,,,,,,,12-juin,1,73,,,,,,,
Capitaine,119.25003796566969,,,2024-04-13 00:00:00,27,68.59364197530864,51,Beni KG. 002/19,,,,,,,,,,,,,,,,,,13-juin,1,12,,,,,,,
Carangue,11.650489466609955,,,2024-03-09 00:00:00,118,126.29066384180791,52,Beni KG. 002/19,,,,,,Janv.,Févr,Mars,Avr,Mai,Juin,Juil,Août,Sept,Oct,Nov,Déc,16-juin,3,16.166666666666668,,,,,,,
Carpe,1.2033296317593003,,,2024-05-29 00:00:00,42,126.97920634920635,53,Bh OW. 148/0,,,,,Filet maillant de fond,,,,,,,,,,,,,17-juin,1,12.5,,,,,,,
Ceinture,1.3663586492574442,,,2024-03-27 00:00:00,16,139.38697916666666,54,Big ben OW. 048/14,,,,,,,,,,,,,,,,,,18-juin,4,5.375,,,,,,,
Crabe,0.9296333471747438,,,2024-04-04 00:00:00,24,71.72729166666666,55,Binpe L. 262/99,,,,,,,,,,,,,,,,,,19-juin,1,45,,,,,,,
Crevette,0.06297561873843219,,,2024-06-06 00:00:00,81,94.69419753086419,56,Bissobilam OW. 022/18,,,,,,,,,,,,,,,,,,20-juin,2,57.5,,,,,,,
Disque,12.910497155233845,,,2024-06-26 00:00:00,59,91.33700564971751,57,Bitam AK. 032/19,,,,,,,,,,,,,,,,,,21-juin,1,120,,,,,,,
Divers,12.446105036379539,,,2024-04-24 00:00:00,5,72.46000000000001,58,Black Star OW. 087/07,,,,,,,,,,,,,,,,,,22-juin,6,7.416666666666667,,,,,,,
Dorade Grise,27.681251632527662,,,2024-05-15 00:00:00,10,140.35,59,Blessing L. 344/02,,,,,,,,,,,,,,,,,,23-juin,1,12,,,,,,,
Dorade Rose,39.012617458114775,,,2024-04-18 00:00:00,22,69.87393939393938,60,Blood of Jesus OW. 125/15,,,,,,,,,,,,,,,,,,24-juin,5,39.9,,,,,,,
Langouste,0.1726522581143534,,,2024-07-25 00:00:00,92,121.13605072463768,61,Body 1  OW. 245/10,,,,,,,,,,,,,,,,,,30-juin,1,10,,,,,,,
Machoiron de mer,48.52490777074948,,,2024-07-03 00:00:00,95,267.7484210526316,62,Body 2 OW. 247/10,,,,,,,,,,,,,,,,,,01-juil,3,15.666666666666666,,,,,,,
Maquéreau,16.83656704928093,,,2024-08-27 00:00:00,90,193.36666666666667,63,Bonheur et grace OW. 03/24,,,,,,,,,,,,,,,,,,02-juil,2,35.5,,,,,,,
Merou,19.666790418157124,,,2024-07-01 00:00:00,14,428.5,64,Bonjour L. 068/95,,,,,,,,,,,,,,,,,,03-juil,1,13.5,,,,,,,
Mulet,182.74137679098334,,,2024-08-26 00:00:00,45,171.85925925925926,65,Boudy L.004/2000,,,,,,,,,,,,,,,,,,26-juil,3,29.11111111111111,,,,,,,
Raie,0.346436662183555,,,2024-04-17 00:00:00,7,70.66761904761906,66,Brigitte 1 L.088/99,,,,,,,,,,,,,,,,,,27-juil,4,44.5,,,,,,,
Requin,0,,,2024-06-13 00:00:00,102,97.09650326797383,67,Brigitte 2 OW. 042/07,,,,,,,,,,,,,,,,,,28-juil,2,27.5,,,,,,,
Rouge,59.14797478333467,,,2024-04-05 00:00:00,20,72.07208333333332,68,C’est le temps 2 CC. 552/19,,,,,,,,,,,,,,,,,,29-juil,5,15.541666666666668,,,,,,,
Sardine,2543.1681158200363,,,2024-04-26 00:00:00,18,53.09935185185185,69,C’est le temps L. 020/16,,,,,,,,,,,,,,,,,,01-août,5,16.2,,,,,,,
Sole,9.016268866166861,,,2024-05-10 00:00:00,12,77.85277777777777,70,Capal 1 L. 023/16,,,,,,,,,,,,,,,,,,02-août,7,13.428571428571429,,,,,,,
Thon,59.79709066654691,,,2024-06-21 00:00:00,64,98.09895833333333,71,Capal 3 KG. 001/17,,,,,,,,,,,,,,,,,,03-août,1,7,,,,,,,
Turbo,12.431811693699578,,,2024-06-17 00:00:00,26,161.65384615384616,72,Capal 4 OW. 045/17,,,,,,,,,,,,,,,,,,04-août,8,13.75,,,,,,,
,,,,2024-04-19 00:00:00,21,63.048095238095236,73,Capitaine fish 1 KG. 004/24,,,,,,,,,,,,,,,,,,05-août,5,41.15,,,,,,,
Efforts (jr),0,,,2024-05-28 00:00:00,70,96.8270238095238,74,Capitaine fish OW. 18/24,,,,,,,,,,,,,,,,,,06-août,2,47.5,,,,,,,
Captures (kg),0,,,2024-06-04 00:00:00,70,115.10226190476189,75,Cepg 14,,,,,,,,,,,,,,,,,,08-août,5,12.325,,,,,,,
CPUE (kg/jr),31.21717825769909,,,2024-08-21 00:00:00,72,189.0828703703704,76,Cepg 7,,,,,,,,,,,,,,,,,,10-août,4,6.5,,,,,,,
Nbre débarquements,2142,,,2024-04-12 00:00:00,13,94.21730769230768,77,Cepg 8,,,,,,,,,,,,,,,,,,12-août,2,8.166666666666668,,,,,,,
Taux échant.,0,,,2024-05-25 00:00:00,48,118.68711805555553,78,C'est Le Temps 1 L. 020/16,,,,,,,,,,,,,,,,,,14-août,2,11.5,,,,,,,
,,,,2024-03-22 00:00:00,31,112.11586021505374,79,Chelcina OW. 110/15,,,,,,,,,,,,,,,,,,16-août,3,9,,,,,,,
,,,,2024-06-24 00:00:00,16,138.3125,80,Chosen OW. 025/11,,,,,,,,,,,,,,,,,,17-août,4,7.75,,,,,,,
,,,,2024-05-22 00:00:00,37,153.93085585585587,81,Ciaude OW. 122/13,,,,,,,,,,,,,,,,,,18-août,3,47.833333333333336,,,,,,,
,,,,2024-06-25 00:00:00,62,94.86209677419357,82,Claude OW. 122/01,,,,,,,,,,,,,,,,,,19-août,2,45,,,,,,,
,,,,2024-05-27 00:00:00,30,112.51305555555555,83,Comlan delmas L. 003/03,,,,,,,,,,,,,,,,,,22-août,1,59.5,,,,,,,
,,,,2024-07-19 00:00:00,83,239.13052208835336,84,Cooper CC. 207/08,,,,,,,,,,,,,,,,,,23-août,4,14.583333333333332,,,,,,,
,,,,2024-06-03 00:00:00,34,101.84313725490196,85,Courage 1 CC. 192/08,,,,,,,,,,,,,,,,,,24-août,4,15.083333333333334,,,,,,,
,,,,2024-07-09 00:00:00,155,138.49247311827958,86,Courage 2 CC. 568/20,,,,,,,,,,,,,,,,,,28-août,1,20,,,,,,,
,,,,2024-07-11 00:00:00,122,132.21199453551912,87,Courage 4 L. 199/02,,,,,,,,,,,,,,,,,,29-août,4,18.625,,,,,,,
,,,,2024-07-13 00:00:00,112,122.8676488095238,88,Cred one,,,,,,,,,,,,,,,,,,31-août,1,25,,,,,,,
,,,,2024-07-10 00:00:00,117,139.28789173789173,89,Croire a dieu OW. 242/10,,,,,,,,,,,,,,,,,,02-sept,2,61.5,,,,,,,
,,,,2024-07-08 00:00:00,60,274.3833333333333,90,Damilola OW. 306/10,,,,,,,,,,,,,,,,,,03-sept,1,15.5,,,,,,,
,,,,2024-06-12 00:00:00,63,81.55502645502646,91,Dauphin CC. 398/13,,,,,,,,,,,,,,,,,,07-sept,2,72,,,,,,,
,,,,2024-06-10 00:00:00,51,108.22222222222221,92,Dayisi L. 028/13,,,,,,,,,,,,,,,,,,08-sept,1,6.5,,,,,,,
,,,,2024-08-28 00:00:00,71,170.42957746478874,93,Deesse marine,,,,,,,,,,,,,,,,,,09-sept,1,34,,,,,,,
,,,,2024-06-11 00:00:00,72,106.80543981481482,94,Demain ne meurt jamais AK. 039/20,,,,,,,,,,,,,,,,,,15-sept,1,17,,,,,,,
,,,,2024-08-13 00:00:00,26,237.83653846153845,95,Dest Marine CC. 378/12,,,,,,,,,,,,,,,,,,16-sept,3,7.5,,,,,,,
,,,,2024-09-03 00:00:00,128,212.94791666666666,96,Diback 1 AK. 007/24,,,,,,,,,,,,,,,,,,26-sept,3,15.333333333333334,,,,,,,
,,,,2024-09-04 00:00:00,127,207.19617547806521,97,Diback 2 AK.008/24,,,,,,,,,,,,,,,,,,27-sept,4,28,,,,,,,
,,,,2024-09-05 00:00:00,103,190.01423948220065,98,Diback 3 AK. 009/24,,,,,,,,,,,,,,,,,,28-sept,4,10.875,,,,,,,
,,,,2024-09-06 00:00:00,66,156.25000000000003,99,Diboti  L. 006/18,,,,,,,,,,,,,,,,,,29-sept,1,9,,,,,,,
,,,,2024-09-16 00:00:00,30,224.6088888888889,100,Diboti 1_L. 019/20,,,,,,,,,,,,,,,,,,30-sept,3,22.833333333333332,,,,,,,
,,,,2024-09-17 00:00:00,83,289.71084337349396,101,Diboti 2 L. 005/20,,,,,,,,,,,,,,,,,,03-oct,3,4.333333333333333,,,,,,,
,,,,2024-09-18 00:00:00,81,257.7294238683128,102,Diboti 3 L. 006/20,,,,,,,,,,,,,,,,,,04-oct,3,23.166666666666668,,,,,,,
,,,,2024-09-27 00:00:00,131,132.1979643765903,103,Diboti 4 L. 020/20,,,,,,,,,,,,,,,,,,10-oct,2,35.5,,,,,,,
,,,,2024-09-28 00:00:00,110,183.46372727272728,104,Dieu beni AK. 031/19,,,,,,,,,,,,,,,,,,11-oct,2,20.5,,,,,,,
,,,,2024-09-02 00:00:00,104,234.9346153846154,105,Dieu createur OW. 127/20,,,,,,,,,,,,,,,,,,12-oct,6,8.166666666666666,,,,,,,
,,,,2024-08-24 00:00:00,35,190.99238095238098,106,Dieu donné L. 228/05,,,,,,,,,,,,,,,,,,14-oct,5,27.25,,,,,,,
,,,,2024-08-03 00:00:00,44,303.95833333333337,107,Dieu donne OW. 011/14,,,,,,,,,,,,,,,,,,15-oct,1,3,,,,,,,
,,,,2024-07-18 00:00:00,81,139.32757201646086,108,Dieu donne OW. 061/18,,,,,,,,,,,,,,,,,,17-oct,1,7.5,,,,,,,
,,,,2024-08-19 00:00:00,51,272.3529411764706,109,Dieu est amour OW. 117/12,,,,,,,,,,,,,,,,,,18-oct,5,13.5,,,,,,,
,,,,2024-08-12 00:00:00,29,201.3793103448276,110,Dieu est capable 1 L. 225/07,,,,,,,,,,,,,,,,,,19-oct,3,14,,,,,,,
,,,,2024-08-11 00:00:00,11,166.95454545454547,111,Dieu est capable 2 OW. 122/09,,,,,,,,,,,,,,,,,,20-oct,3,6.25,,,,,,,
,,,,2024-08-25 00:00:00,5,110.77666666666667,112,Dieu est capable 2 OW. 122/09,,,,,,,,,,,,,,,,,,21-oct,1,46,,,,,,,
,,,,2024-08-20 00:00:00,52,191.5,113,Dieu est grand  L. 365/99,,,,,,,,,,,,,,,,,,24-oct,2,11,,,,,,,
,,,,2024-08-06 00:00:00,72,309.6423611111111,114,Dieu est grand L. 054/03,,,,,,,,,,,,,,,,,,27-oct,1,4,,,,,,,
,,,,2024-08-07 00:00:00,110,188.33689393939395,115,Dieu est grand L. 387/10,,,,,,,,,,,,,,,,,,30-oct,1,6.666666666666667,,,,,,,
,,,,2024-07-20 00:00:00,96,210.30798611111106,116,Dieu est là OW. 018/14,,,,,,,,,,,,,,,,,,05-nov,1,2,,,,,,,
,,,,2024-07-02 00:00:00,80,205.2081250000001,117,Dieu fait des merveilles AK. 008/21,,,,,,,,,,,,,,,,,,08-nov,1,5,,,,,,,
,,,,2024-05-18 00:00:00,32,91.08338541666664,118,Dieu jugera OW. 142/20,,,,,,,,,,,,,,,,,,,,,,,,,,,
,,,,2024-04-11 00:00:00,21,71.93333333333332,119,Dieu merci AK. 029/19,,,,,,,,,,,,,,,,,,,,,,,,,,,
,,,,2024-03-08 00:00:00,119,197.74728291316532,120,Dieu n'oublie personne L. 240/07,,,,,,,,,,,,,,,,,,,,,,,,,,,
,,,,2024-05-17 00:00:00,28,58.520119047619055,121,Dieu te vois PG 912/04,,,,,,,,,,,,,,,,,,,,,,,,,,,
,,,,2024-03-01 00:00:00,22,135.85462121212117,122,Dina OW. 297/10,,,,,,,,,,,,,,,,,,,,,,,,,,,
,,,,2024-02-23 00:00:00,91,180.7922527472528,123,Disco L. 094/13,,,,,,,,,,,,,,,,,,,,,,,,,,,
,,,,2024-02-02 00:00:00,39,97.86479487179487,124,Doffon adoun mandokin OW. 125/09,,,,,,,,,,,,,,,,,,,,,,,,,,,
,,,,2024-02-01 00:00:00,18,83.80694444444444,125,Dominique OW. 220/06,,,,,,,,,,,,,,,,,,,,,,,,,,,
,,,,2024-01-05 00:00:00,39,119.81196581196578,126,Durutimi OW. 486/15,,,,,,,,,,,,,,,,,,,,,,,,,,,
,,,,2024-02-03 00:00:00,47,102.22067375886526,127,Ekang OW. 159/21,,,,,,,,,,,,,,,,,,,,,,,,,,,
,,,,2024-04-30 00:00:00,19,54.402719298245614,128,Ekwata L. 081/00,,,,,,,,,,,,,,,,,,,,,,,,,,,
,,,,2024-05-09 00:00:00,25,81.19766666666668,129,Eliane 1 OW 200/09,,,,,,,,,,,,,,,,,,,,,,,,,,,
,,,,2024-03-04 00:00:00,124,204.6827956989247,130,Eliane 3 OW. 068/15,,,,,,,,,,,,,,,,,,,,,,,,,,,
,,,,2024-03-10 00:00:00,96,203.2542534722222,131,Elie KG. 016/14,,,,,,,,,,,,,,,,,,,,,,,,,,,
,,,,2024-03-05 00:00:00,139,226.188309352518,132,Eniola OW. 202/01,,,,,,,,,,,,,,,,,,,,,,,,,,,
,,,,2024-03-11 00:00:00,88,219.3106060606061,133,Enyonami L. 346/09,,,,,,,,,,,,,,,,,,,,,,,,,,,
,,,,2024-03-06 00:00:00,152,185.21379385964914,134,Ephrem KG. 020/14,,,,,,,,,,,,,,,,,,,,,,,,,,,
,,,,2024-03-07 00:00:00,162,195.42650205761316,135,Equateur  AK. 001/24,,,,,,,,,,,,,,,,,,,,,,,,,,,
,,,,2024-03-02 00:00:00,28,133.63125,136,Equateur 1 KG. 030/18,,,,,,,,,,,,,,,,,,,,,,,,,,,
,,,,2024-01-12 00:00:00,115,190.38018840579716,137,Equateur 10 L. 019/15,,,,,,,,,,,,,,,,,,,,,,,,,,,
,,,,2024-01-04 00:00:00,23,94.04115942028986,138,Equateur 11 OW. 001/23,,,,,,,,,,,,,,,,,,,,,,,,,,,
,,,,2024-01-10 00:00:00,51,207.61666666666665,139,Equateur 13 CC. 573/21,,,,,,,,,,,,,,,,,,,,,,,,,,,
,,,,2024-02-06 00:00:00,46,177.58938405797105,140,Equateur 16 LA. 1287/23,,,,,,,,,,,,,,,,,,,,,,,,,,,
,,,,2024-02-11 00:00:00,20,146.23625,141,Equateur 17 LA. 1245/22,,,,,,,,,,,,,,,,,,,,,,,,,,,
,,,,2024-02-24 00:00:00,120,168.59833333333333,142,Equateur 2 KG. 005/18,,,,,,,,,,,,,,,,,,,,,,,,,,,
,,,,2024-09-25 00:00:00,30,149.37777777777777,143,Equateur 22 LA.1262/23,,,,,,,,,,,,,,,,,,,,,,,,,,,
,,,,2024-09-08 00:00:00,13,48.47435897435897,144,Equateur 25 L. 016/20,,,,,,,,,,,,,,,,,,,,,,,,,,,
,,,,2024-09-22 00:00:00,23,37.14565217391304,145,Equateur 29 OW. 330/19,,,,,,,,,,,,,,,,,,,,,,,,,,,
,,,,2024-09-14 00:00:00,21,64.45952380952382,146,Equateur 3 AK. 041/19,,,,,,,,,,,,,,,,,,,,,,,,,,,
,,,,2024-09-20 00:00:00,49,282.4493197278912,147,Equateur 32 AK. 017/22,,,,,,,,,,,,,,,,,,,,,,,,,,,
,,,,2024-09-29 00:00:00,16,278.534375,148,Equateur 33 AK. 001/24,,,,,,,,,,,,,,,,,,,,,,,,,,,
,,,,2024-10-24 00:00:00,34,55.031372549019615,149,Equateur 39 AK. 003/24,,,,,,,,,,,,,,,,,,,,,,,,,,,
,,,,2024-10-20 00:00:00,16,63.0983630952381,150,Equateur 4 OW. 056/18,,,,,,,,,,,,,,,,,,,,,,,,,,,
,,,,2024-05-03 00:00:00,13,48.79,151,Equateur 40 AK.00/24,,,,,,,,,,,,,,,,,,,,,,,,,,,
,,,,2024-01-18 00:00:00,97,186.99202749140903,152,Equateur 5 LA. 1286/23,,,,,,,,,,,,,,,,,,,,,,,,,,,
,,,,2024-05-16 00:00:00,19,97.82938596491229,153,Equateur 6 L. 0344/16,,,,,,,,,,,,,,,,,,,,,,,,,,,
,,,,2024-09-13 00:00:00,50,270.02299999999997,154,Equateur 7 AK. 09/18,,,,,,,,,,,,,,,,,,,,,,,,,,,
,,,,2024-09-19 00:00:00,66,271.2247474747475,155,Equateur 8 KG. 003/19,,,,,,,,,,,,,,,,,,,,,,,,,,,
,,,,2024-05-11 00:00:00,12,64.19027777777778,156,Equateur AK. 017/22,,,,,,,,,,,,,,,,,,,,,,,,,,,
,,,,2024-04-20 00:00:00,11,52.86424242424243,157,Essibonai 1 OW. 037/48,,,,,,,,,,,,,,,,,,,,,,,,,,,
,,,,2024-06-20 00:00:00,74,98.87882882882884,158,Essibonai 2 OW. 089/19,,,,,,,,,,,,,,,,,,,,,,,,,,,
,,,,2024-03-30 00:00:00,11,57.09367965367965,159,Essongue L. 198/90,,,,,,,,,,,,,,,,,,,,,,,,,,,
,,,,2024-04-08 00:00:00,10,113.65416666666667,160,Experience L. 048/96,,,,,,,,,,,,,,,,,,,,,,,,,,,
,,,,2024-06-09 00:00:00,29,89.50172413793103,161,Famille confiance 3 OW. 278/10,,,,,,,,,,,,,,,,,,,,,,,,,,,
,,,,2024-03-25 00:00:00,9,151.23611111111111,162,Fatihat L. 238/07,,,,,,,,,,,,,,,,,,,,,,,,,,,
,,,,2024-04-02 00:00:00,10,89.19333333333333,163,Felix L. 309/08,,,,,,,,,,,,,,,,,,,,,,,,,,,
,,,,2024-04-25 00:00:00,25,52.76453333333334,164,Femi L. 229/99,,,,,,,,,,,,,,,,,,,,,,,,,,,
,,,,2024-03-13 00:00:00,40,206.09687499999995,165,Fifon mibio CC. 100/04,,,,,,,,,,,,,,,,,,,,,,,,,,,
,,,,2024-03-23 00:00:00,15,53.97866666666666,166,Fisher 1 PG.769/19,,,,,,,,,,,,,,,,,,,,,,,,,,,
,,,,2024-03-28 00:00:00,35,84.50166666666668,167,Fisher PG. 773/19,,,,,,,,,,,,,,,,,,,,,,,,,,,
,,,,2024-04-23 00:00:00,11,73.72484848484848,168,Fogamou AK. 024/21,,,,,,,,,,,,,,,,,,,,,,,,,,,
,,,,2024-04-03 00:00:00,8,78.76645833333333,169,Foloba L. 019/07,,,,,,,,,,,,,,,,,,,,,,,,,,,
,,,,2024-05-19 00:00:00,26,89.73564102564104,170,Fougamou AK. 024/21,,,,,,,,,,,,,,,,,,,,,,,,,,,
,,,,2024-04-16 00:00:00,13,54.201025641025645,171,Galetomé L. 081/97,,,,,,,,,,,,,,,,,,,,,,,,,,,
,,,,2024-06-01 00:00:00,30,59.0515,172,Gbelassi OW. 320/06,,,,,,,,,,,,,,,,,,,,,,,,,,,
,,,,2024-01-07 00:00:00,75,186.36,173,Gbtongnidan L.145/97,,,,,,,,,,,,,,,,,,,,,,,,,,,
,,,,2024-05-13 00:00:00,10,100.955,174,Gniendi OW. 13/11,,,,,,,,,,,,,,,,,,,,,,,,,,,
,,,,2024-05-01 00:00:00,8,46.55,175,Go come OW. 213/06,,,,,,,,,,,,,,,,,,,,,,,,,,,
,,,,2024-09-24 00:00:00,64,248.453125,176,God is good L. 024/15,,,,,,,,,,,,,,,,,,,,,,,,,,,
,,,,2024-09-23 00:00:00,34,307.0245098039216,177,God is good PG. 899/22,,,,,,,,,,,,,,,,,,,,,,,,,,,
,,,,2024-06-23 00:00:00,9,67.71851851851852,178,God is whith me 3 OW. 196/09,,,,,,,,,,,,,,,,,,,,,,,,,,,
,,,,2024-09-30 00:00:00,15,158.15,179,God is whith me 4 OW. 062/11,,,,,,,,,,,,,,,,,,,,,,,,,,,
,,,,2024-07-27 00:00:00,61,113.26475409836065,180,God is whith me 6 OW. 013/13,,,,,,,,,,,,,,,,,,,,,,,,,,,
,,,,2024-05-20 00:00:00,32,200.5703125,181,God love 2,,,,,,,,,,,,,,,,,,,,,,,,,,,
,,,,(vide),3,156.13333333333333,182,Gohu Debo 1 OW. 113/12,,,,,,,,,,,,,,,,,,,,,,,,,,,
,,,,2024-04-27 00:00:00,13,60.22564102564103,183,Good hope L. 160/01,,,,,,,,,,,,,,,,,,,,,,,,,,,
,,,,2024-06-16 00:00:00,4,73.29166666666667,184,Good one OW. 028/24,,,,,,,,,,,,,,,,,,,,,,,,,,,
,,,,2024-01-28 00:00:00,72,270.79252314814806,185,Grace 1 L. 081/00,,,,,,,,,,,,,,,,,,,,,,,,,,,
,,,,2024-09-09 00:00:00,24,171.75,186,Grace 2 L.082/00,,,,,,,,,,,,,,,,,,,,,,,,,,,
,,,,2024-09-10 00:00:00,76,198.41008771929828,187,Grace à Dieu L. 321/08,,,,,,,,,,,,,,,,,,,,,,,,,,,
,,,,2024-02-19 00:00:00,101,214.9983498349835,188,Grace à Dieu L. 326/02,,,,,,,,,,,,,,,,,,,,,,,,,,,
,,,,2024-09-12 00:00:00,23,235.12111801242233,189,Grace à Dieu OW. 090/15,,,,,,,,,,,,,,,,,,,,,,,,,,,
,,,,2024-04-21 00:00:00,6,36.22888888888889,190,Grace de Dieu CC. 896/23,,,,,,,,,,,,,,,,,,,,,,,,,,,
,,,,2024-01-03 00:00:00,8,166,191,Grace de Dieu OW. 312/10,,,,,,,,,,,,,,,,,,,,,,,,,,,
,,,,2024-01-08 00:00:00,50,302.55333333333334,192,Grace esperance 2 OW. 042/17,,,,,,,,,,,,,,,,,,,,,,,,,,,
,,,,2024-03-12 00:00:00,74,203.3231981981982,193,Gros canard L. 255/03,,,,,,,,,,,,,,,,,,,,,,,,,,,
,,,,2024-09-21 00:00:00,19,166.30438596491229,194,Guepard L. 022/18,,,,,,,,,,,,,,,,,,,,,,,,,,,
,,,,2024-09-15 00:00:00,3,150.44444444444443,195,Happy 1 L. 309/02,,,,,,,,,,,,,,,,,,,,,,,,,,,
,,,,2024-05-05 00:00:00,6,91.52,196,Happy 2 OW. 315/12,,,,,,,,,,,,,,,,,,,,,,,,,,,
,,,,2024-02-12 00:00:00,39,174.27350427350427,197,Helene OW. 123/12,,,,,,,,,,,,,,,,,,,,,,,,,,,
,,,,2024-04-29 00:00:00,5,81.23333333333332,198,Hidja Omb. 208/18,,,,,,,,,,,,,,,,,,,,,,,,,,,
,,,,2024-04-06 00:00:00,9,61.07407407407407,199,Hilarion 2 OW. 521/17,,,,,,,,,,,,,,,,,,,,,,,,,,,
,,,,2024-04-28 00:00:00,6,67.6111111111111,200,Ia prophetie OW 011/18,,,,,,,,,,,,,,,,,,,,,,,,,,,
,,,,2024-05-02 00:00:00,4,35.833333333333336,,Idowu AK. 028/19,,,,,,,,,,,,,,,,,,,,,,,,,,,
,,,,2024-05-14 00:00:00,10,154.6,,Ilyana laure omb323/24,,,,,,,,,,,,,,,,,,,,,,,,,,,
,,,,2024-04-22 00:00:00,7,68.45904761904761,,Indurance 2 OW. 034/08,,,,,,,,,,,,,,,,,,,,,,,,,,,
,,,,2024-04-14 00:00:00,10,59.09930952380953,,Iniesta CC. 563/20,,,,,,,,,,,,,,,,,,,,,,,,,,,
,,,,2024-04-10 00:00:00,4,61.541666666666664,,Irede KG. 028/14,,,,,,,,,,,,,,,,,,,,,,,,,,,
,,,,2024-03-17 00:00:00,6,78.28777777777778,,Issanga 1 OW. 19/16,,,,,,,,,,,,,,,,,,,,,,,,,,,
,,,,2024-04-15 00:00:00,7,62.476190476190474,,Issanga 2 OW. 050/17,,,,,,,,,,,,,,,,,,,,,,,,,,,
,,,,2024-05-06 00:00:00,6,109.5,,Izonizo,,,,,,,,,,,,,,,,,,,,,,,,,,,
,,,,2024-04-09 00:00:00,16,77.73552083333333,,Jean KG. 029/14,,,,,,,,,,,,,,,,,,,,,,,,,,,
,,,,2024-05-07 00:00:00,10,89.425,,Jlynha OW. 031/18,,,,,,,,,,,,,,,,,,,,,,,,,,,
,,,,2024-05-08 00:00:00,8,74.2625,,John 1 OW. 126/12,,,,,,,,,,,,,,,,,,,,,,,,,,,
,,,,2024-04-01 00:00:00,3,17.77777777777778,,Jolie Maman PG. 945/23,,,,,,,,,,,,,,,,,,,,,,,,,,,
,,,,2024-03-15 00:00:00,20,69.56891666666667,,Joseph 1 OW. 006/16,,,,,,,,,,,,,,,,,,,,,,,,,,,
,,,,2024-08-30 00:00:00,8,142.5,,Joseph L. 275/08,,,,,,,,,,,,,,,,,,,,,,,,,,,
,,,,2024-03-18 00:00:00,10,215.65,,Juliette OW. 186/09,,,,,,,,,,,,,,,,,,,,,,,,,,,
,,,,2024-01-02 00:00:00,12,154.19166666666666,,Junior  OW. 045/07,,,,,,,,,,,,,,,,,,,,,,,,,,,
,,,,2024-08-04 00:00:00,44,60.72954545454545,,Justice L. 146/00,,,,,,,,,,,,,,,,,,,,,,,,,,,
,,,,2024-08-17 00:00:00,7,197.38095238095235,,Justine est là L. 006/12,,,,,,,,,,,,,,,,,,,,,,,,,,,
,,,,2024-08-31 00:00:00,29,234.1310344827586,,Kalli  L.003/14,,,,,,,,,,,,,,,,,,,,,,,,,,,
,,,,10/08/204,1,25,,Kedji canal L. 084/99,,,,,,,,,,,,,,,,,,,,,,,,,,,
,,,,13/072024,1,39.5,,Kehinde OW. 007/11,,,,,,,,,,,,,,,,,,,,,,,,,,,
,,,,2024-05-26 00:00:00,20,56.053,,Keke L. 007/02,,,,,,,,,,,,,,,,,,,,,,,,,,,
,,,,2024-06-02 00:00:00,10,51.75,,Kerene OW. 066/17,,,,,,,,,,,,,,,,,,,,,,,,,,,
,,,,2024-08-18 00:00:00,2,41.375,,Kessany OW. 138/01,,,,,,,,,,,,,,,,,,,,,,,,,,,
,,,,2024-05-12 00:00:00,6,106.01944444444443,,Kiket 2 OW. 187/12,,,,,,,,,,,,,,,,,,,,,,,,,,,
,,,,2024-03-31 00:00:00,3,114.44444444444444,,Koffi Manana L. 121/98,,,,,,,,,,,,,,,,,,,,,,,,,,,
,,,,2024-09-01 00:00:00,2,249.75,,L’EterneL.est mon berger AK. 025/19,,,,,,,,,,,,,,,,,,,,,,,,,,,
,,,,2024-01-01 00:00:00,1,29.75,,La Bouenguidi L. 073/03,,,,,,,,,,,,,,,,,,,,,,,,,,,
,,,,2024-10-27 00:00:00,13,38.738461538461536,,La gabonaise OW. 010/14,,,,,,,,,,,,,,,,,,,,,,,,,,,
,,,,2024-11-07 00:00:00,86,58.02848837209302,,La gloire de Dieu OW. 111/09,,,,,,,,,,,,,,,,,,,,,,,,,,,
,,,,2024-11-02 00:00:00,48,58.3125,,La Grace divine de Dieu KG. 003/20,,,,,,,,,,,,,,,,,,,,,,,,,,,
,,,,2024-12-20 00:00:00,85,133.17352941176472,,La Leconie 1 L. 237/03,,,,,,,,,,,,,,,,,,,,,,,,,,,
,,,,2024-10-04 00:00:00,33,59.884343434343435,,La Propheti OW. 011/18,,,,,,,,,,,,,,,,,,,,,,,,,,,
,,,,2024-10-06 00:00:00,16,56.239583333333336,,La Semence CC. 163/07,,,,,,,,,,,,,,,,,,,,,,,,,,,
,,,,2024-10-31 00:00:00,34,74.48039215686275,,La source 1 OW. 313/10,,,,,,,,,,,,,,,,,,,,,,,,,,,
,,,,2024-11-06 00:00:00,15,79.49444444444444,,La source 3 OW. 225/06,,,,,,,,,,,,,,,,,,,,,,,,,,,
,,,,2024-11-20 00:00:00,26,70.65769230769232,,La traversée OW. 127/09,,,,,,,,,,,,,,,,,,,,,,,,,,,
,,,,2024-10-13 00:00:00,10,44.72595238095238,,La vie KG. 041/14,,,,,,,,,,,,,,,,,,,,,,,,,,,
,,,,2024-10-19 00:00:00,27,51.05246913580248,,La wano 1 OW. 071/17,,,,,,,,,,,,,,,,,,,,,,,,,,,
,,,,2024-10-05 00:00:00,43,36.689922480620154,,Lac bleu OW. 157/20,,,,,,,,,,,,,,,,,,,,,,,,,,,
,,,,2024-12-12 00:00:00,152,148.40394736842106,,Lady KG. 024/14,,,,,,,,,,,,,,,,,,,,,,,,,,,
,,,,2024-12-02 00:00:00,86,231.268023255814,,Lady OW. 040/17,,,,,,,,,,,,,,,,,,,,,,,,,,,
,,,,2024-12-03 00:00:00,109,237.3394495412844,,L'aide de Dieu L. 002/20,,,,,,,,,,,,,,,,,,,,,,,,,,,
,,,,2024-12-04 00:00:00,135,205.5,,L'amour L.013/12,,,,,,,,,,,,,,,,,,,,,,,,,,,
,,,,2024-12-05 00:00:00,104,155.63541666666666,,Le Crayon de Dieu n'a pas de gomme OW. 50/08,,,,,,,,,,,,,,,,,,,,,,,,,,,
,,,,2024-12-13 00:00:00,111,219.83919809137203,,Le margis d'Akanda AK. 022/20,,,,,,,,,,,,,,,,,,,,,,,,,,,
,,,,2024-12-14 00:00:00,106,158.88679245283015,,Le seigneur est prêt OW. 033/12,,,,,,,,,,,,,,,,,,,,,,,,,,,
,,,,2024-12-15 00:00:00,52,162.9173076923077,,Le vieux L. 035/00,,,,,,,,,,,,,,,,,,,,,,,,,,,
,,,,2024-12-26 00:00:00,94,174.1755319148936,,Lekabi 2 CC. 328/14,,,,,,,,,,,,,,,,,,,,,,,,,,,
,,,,2024-12-27 00:00:00,72,181.68055555555554,,Lembou KG.004/17,,,,,,,,,,,,,,,,,,,,,,,,,,,
,,,,2024-12-28 00:00:00,97,209.87285223367698,,Les aigles 2 KG. 002/18,,,,,,,,,,,,,,,,,,,,,,,,,,,
,,,,2024-12-30 00:00:00,67,272.7014925373134,,Les aigles 3 KG.006/18,,,,,,,,,,,,,,,,,,,,,,,,,,,
,,,,2024-12-31 00:00:00,63,121.33121693121691,,Les jumeaux OW. 067/17,,,,,,,,,,,,,,,,,,,,,,,,,,,
,,,,2024-11-08 00:00:00,23,71.75,,Lewis 1 OW. 058/07,,,,,,,,,,,,,,,,,,,,,,,,,,,
,,,,2024-10-08 00:00:00,24,75.88958333333333,,Lewis 2 L. 272/08,,,,,,,,,,,,,,,,,,,,,,,,,,,
,,,,2024-10-09 00:00:00,16,48.987500000000004,,LG OW. 039/07,,,,,,,,,,,,,,,,,,,,,,,,,,,
,,,,2024-10-10 00:00:00,44,46.42032828282829,,L'homme propose Dieu dispose CC. 151/06,,,,,,,,,,,,,,,,,,,,,,,,,,,
,,,,2024-10-12 00:00:00,40,42.82541666666667,,Libreville 2 OW. 303/06,,,,,,,,,,,,,,,,,,,,,,,,,,,
,,,,2024-10-23 00:00:00,28,52.08273809523809,,Love OW. 172/12,,,,,,,,,,,,,,,,,,,,,,,,,,,
,,,,2024-10-25 00:00:00,34,59.75882352941176,,Lumiere divine 3 OW. 059/18,,,,,,,,,,,,,,,,,,,,,,,,,,,
,,,,2024-10-26 00:00:00,52,47.00480769230769,,Ma nouvelle aube  KG.013/18,,,,,,,,,,,,,,,,,,,,,,,,,,,
,,,,2024-11-05 00:00:00,29,68.03103448275863,,Madama OW. 030/18,,,,,,,,,,,,,,,,,,,,,,,,,,,
,,,,2024-11-10 00:00:00,15,50.47444444444445,,Maison blanche OW. 104/13,,,,,,,,,,,,,,,,,,,,,,,,,,,
,,,,2024-11-23 00:00:00,44,46.903787878787874,,Major 2 OW. 068/08,,,,,,,,,,,,,,,,,,,,,,,,,,,
,,,,2024-11-24 00:00:00,22,62.186363636363645,,Makok 2 OW. 019/16,,,,,,,,,,,,,,,,,,,,,,,,,,,
,,,,2024-12-06 00:00:00,80,171.01,,Malaxi 3 OW. 068/17,,,,,,,,,,,,,,,,,,,,,,,,,,,
,,,,2024-12-08 00:00:00,35,108.25238095238096,,Malenou dagnon OW. 227/09,,,,,,,,,,,,,,,,,,,,,,,,,,,
,,,,2024-12-19 00:00:00,43,267.56627906976746,,Mamba OW. 048/11,,,,,,,,,,,,,,,,,,,,,,,,,,,
,,,,2024-12-10 00:00:00,58,210.3448275862069,,Mandela L. 053/85,,,,,,,,,,,,,,,,,,,,,,,,,,,
,,,,2024-12-16 00:00:00,65,398.5076923076923,,Manouvelle aube KG. 013/18,,,,,,,,,,,,,,,,,,,,,,,,,,,
,,,,2024-12-21 00:00:00,51,77.82516339869281,,Maracana L. 341/02,,,,,,,,,,,,,,,,,,,,,,,,,,,
,,,,2024-12-24 00:00:00,57,128.07631578947368,,Mbigou OW. 008/23,,,,,,,,,,,,,,,,,,,,,,,,,,,
,,,,2024-12-07 00:00:00,49,127.33571428571429,,Melanie OW. 051/11,,,,,,,,,,,,,,,,,,,,,,,,,,,
,,,,2024-12-11 00:00:00,36,361.8703703703703,,Melina OW. 058/15,,,,,,,,,,,,,,,,,,,,,,,,,,,
,,,,2024-12-17 00:00:00,44,323.33674242424246,,Merci City OW. 006/08,,,,,,,,,,,,,,,,,,,,,,,,,,,
,,,,2024-12-23 00:00:00,12,260.4166666666667,,Merci land OW. 117/20,,,,,,,,,,,,,,,,,,,,,,,,,,,
,,,,2024-10-17 00:00:00,19,65.65789473684211,,Messi L. 150/98,,,,,,,,,,,,,,,,,,,,,,,,,,,
,,,,2024-12-25 00:00:00,12,185.9375,,Messi OW. 150/18,,,,,,,,,,,,,,,,,,,,,,,,,,,
,,,,2024-12-18 00:00:00,37,353.4527027027027,,Mibenga KG. 001/20,,,,,,,,,,,,,,,,,,,,,,,,,,,
,,,,2024-10-22 00:00:00,33,78.95454545454545,,Mikebo OW. 052/14,,,,,,,,,,,,,,,,,,,,,,,,,,,
,,,,2024-12-01 00:00:00,9,113.71111111111111,,Mimo OW. 146/09,,,,,,,,,,,,,,,,,,,,,,,,,,,
,,,,2024-11-09 00:00:00,53,60.443396226415096,,Mimongho AK. 015/22,,,,,,,,,,,,,,,,,,,,,,,,,,,
,,,,2024-11-17 00:00:00,16,53.81458333333333,,Mini 1 CC. 112/02,,,,,,,,,,,,,,,,,,,,,,,,,,,
,,,,2024-11-21 00:00:00,80,73.06625,,Mini 2 CC. 239/05,,,,,,,,,,,,,,,,,,,,,,,,,,,
,,,,2024-10-11 00:00:00,29,48.138218390804596,,Moise 1 OW. 128/12,,,,,,,,,,,,,,,,,,,,,,,,,,,
,,,,2024-10-21 00:00:00,4,36.6,,Mounguengui L. 165/02,,,,,,,,,,,,,,,,,,,,,,,,,,,
,,,,2024-12-09 00:00:00,20,86.8875,,Moupouchou L. 019/11,,,,,,,,,,,,,,,,,,,,,,,,,,,
,,,,2024-11-30 00:00:00,25,145.44799999999998,,Moussavou 1 L. 026/06,,,,,,,,,,,,,,,,,,,,,,,,,,,
,,,,2024-11-01 00:00:00,39,56.88461538461539,,Moussavou 2 L. 027/07,,,,,,,,,,,,,,,,,,,,,,,,,,,
,,,,2024-10-01 00:00:00,13,56.97692307692308,,Nazareth 2 L. 017/16,,,,,,,,,,,,,,,,,,,,,,,,,,,
,,,,2024-11-28 00:00:00,16,56.990625,,Nenque sika L. 016/13,,,,,,,,,,,,,,,,,,,,,,,,,,,
,,,,2024-10-18 00:00:00,16,63.94895833333334,,Neuf étage AK. 009/21,,,,,,,,,,,,,,,,,,,,,,,,,,,
,,,,2024-11-26 00:00:00,27,69.27345679012345,,Newton L. 054/96,,,,,,,,,,,,,,,,,,,,,,,,,,,
,,,,2024-11-29 00:00:00,21,53.93253968253969,,Ngadi 1 L. 347/02,,,,,,,,,,,,,,,,,,,,,,,,,,,
,,,,2024-11-14 00:00:00,38,78.79736842105264,,Ngadi 3 OW. 330/10,,,,,,,,,,,,,,,,,,,,,,,,,,,
,,,,2024-10-07 00:00:00,14,38.61904761904761,,Nguema L. 004/23,,,,,,,,,,,,,,,,,,,,,,,,,,,
,,,,2024-10-15 00:00:00,19,81.92105263157895,,Nicolas 2 OW. 229/10,,,,,,,,,,,,,,,,,,,,,,,,,,,
,,,,2024-10-29 00:00:00,27,86.43994708994708,,Nigomanda L. 025/12,,,,,,,,,,,,,,,,,,,,,,,,,,,
,,,,2024-11-18 00:00:00,8,55.21875,,Niyi 2 OW. 027/11,,,,,,,,,,,,,,,,,,,,,,,,,,,
,,,,2024-10-02 00:00:00,16,87.37937500000001,,Niyi OW. 260/06,,,,,,,,,,,,,,,,,,,,,,,,,,,
,,,,2024-10-16 00:00:00,12,34.144444444444446,,Nkussu L. 20/16,,,,,,,,,,,,,,,,,,,,,,,,,,,
,,,,2024-10-30 00:00:00,24,73.62013888888889,,No Cry Fabi L. 002/98,,,,,,,,,,,,,,,,,,,,,,,,,,,
,,,,2024-11-22 00:00:00,18,67.10277777777777,,Non identifiée,,,,,,,,,,,,,,,,,,,,,,,,,,,
,,,,2024-12-22 00:00:00,25,62.475,,Ntsou L. 001/24,,,,,,,,,,,,,,,,,,,,,,,,,,,
,,,,2024-10-14 00:00:00,6,40.36666666666667,,Oba Ni Jesu KG. 015/14,,,,,,,,,,,,,,,,,,,,,,,,,,,
,,,,2024-11-12 00:00:00,19,73.46491228070175,,Obaguidjala OW. 057/07,,,,,,,,,,,,,,,,,,,,,,,,,,,
,,,,2024-11-19 00:00:00,18,65.17268518518519,,Obawadu OW. 104/12,,,,,,,,,,,,,,,,,,,,,,,,,,,
,,,,2024-11-27 00:00:00,32,66.20989583333332,,Obayelu L. 355/07,,,,,,,,,,,,,,,,,,,,,,,,,,,
,,,,2024-10-03 00:00:00,13,58.22051282051283,,Obiangue,,,,,,,,,,,,,,,,,,,,,,,,,,,
,,,,2024-11-04 00:00:00,2,43.833333333333336,,Ocean queen OW. 020/16,,,,,,,,,,,,,,,,,,,,,,,,,,,
,,,,2024-11-13 00:00:00,14,47.28095238095238,,Odette et fils KG. 006/21,,,,,,,,,,,,,,,,,,,,,,,,,,,
,,,,2024-11-15 00:00:00,7,42.107142857142854,,Odoum KG. 007/18,,,,,,,,,,,,,,,,,,,,,,,,,,,
,,,,2024-12-29 00:00:00,10,122.54285714285716,,Ogduwa,,,,,,,,,,,,,,,,,,,,,,,,,,,
,,,,2024-11-03 00:00:00,6,26.666666666666668,,Ogologo sira OW. 061/07,,,,,,,,,,,,,,,,,,,,,,,,,,,
,,,,2024-11-11 00:00:00,5,86.9,,Ogoluwa 3 CC. 883/23,,,,,,,,,,,,,,,,,,,,,,,,,,,
,,,,2024-11-16 00:00:00,7,28.888095238095236,,Ogoluwa Black OW. 146/01,,,,,,,,,,,,,,,,,,,,,,,,,,,
,,,,2024-11-25 00:00:00,3,33.02777777777778,,Ogoula et fils 3 OW. 036/13,,,,,,,,,,,,,,,,,,,,,,,,,,,
,,,,2025-01-29 00:00:00,33,187.8181818181818,,Ogoula et fils OW. 041/14,,,,,,,,,,,,,,,,,,,,,,,,,,,
,,,,2025-01-07 00:00:00,114,178.71929824561403,,Oiseau 1 L. 129/02,,,,,,,,,,,,,,,,,,,,,,,,,,,
,,,,2025-01-22 00:00:00,50,191.24,,Oiseau 2 CC. 429/14,,,,,,,,,,,,,,,,,,,,,,,,,,,
,,,,2025-01-15 00:00:00,93,188.48924731182797,,Ok OW. 020/06,,,,,,,,,,,,,,,,,,,,,,,,,,,
,,,,2025-01-21 00:00:00,18,162.41111111111113,,Ola oluwa CC. 334/11,,,,,,,,,,,,,,,,,,,,,,,,,,,
,,,,2025-01-14 00:00:00,62,161.75887096774193,,Olivier charles L. 002/01,,,,,,,,,,,,,,,,,,,,,,,,,,,
,,,,2025-01-08 00:00:00,114,156.7280701754386,,Olivier OW. 164/12,,,,,,,,,,,,,,,,,,,,,,,,,,,
,,,,2025-01-16 00:00:00,141,190.6659574468085,,Oliwa,,,,,,,,,,,,,,,,,,,,,,,,,,,
,,,,2025-01-24 00:00:00,31,126.51612903225806,,Olola  OW. 088/11,,,,,,,,,,,,,,,,,,,,,,,,,,,
,,,,2025-01-31 00:00:00,42,190.07142857142858,,Oluia,,,,,,,,,,,,,,,,,,,,,,,,,,,
,,,,2025-01-25 00:00:00,25,102.316,,Ombenga,,,,,,,,,,,,,,,,,,,,,,,,,,,
,,,,2025-01-20 00:00:00,19,136.18421052631578,,Omowumi L. 205/04,,,,,,,,,,,,,,,,,,,,,,,,,,,
,,,,2025-01-27 00:00:00,33,299.07575757575756,,Ope Oluwa kG. 040/14,,,,,,,,,,,,,,,,,,,,,,,,,,,
,,,,2025-01-28 00:00:00,43,193.88953488372093,,Opt L. 254/04,,,,,,,,,,,,,,,,,,,,,,,,,,,
,,,,2025-01-09 00:00:00,94,160.86170212765958,,Oriyomi L. 283/08,,,,,,,,,,,,,,,,,,,,,,,,,,,
,,,,2025-01-18 00:00:00,112,160.85,,Oss kama 1 CC. 393/13,,,,,,,,,,,,,,,,,,,,,,,,,,,
,,,,2025-01-10 00:00:00,61,125.79262295081968,,Oss kama 4 CC. 480/15,,,,,,,,,,,,,,,,,,,,,,,,,,,
,,,,2025-01-26 00:00:00,25,140.776,,Oss kama 4 L. 244/07,,,,,,,,,,,,,,,,,,,,,,,,,,,
,,,,2025-01-30 00:00:00,56,213.0625,,Oss kama 5 CC. 549/15,,,,,,,,,,,,,,,,,,,,,,,,,,,
,,,,2025-01-23 00:00:00,47,176.12765957446808,,Oss kama 6 CC. 480/15,,,,,,,,,,,,,,,,,,,,,,,,,,,
,,,,2025-01-17 00:00:00,101,157.71782178217822,,Oss kama 6 L. 244/07,,,,,,,,,,,,,,,,,,,,,,,,,,,
,,,,2025-01-11 00:00:00,23,154.93695652173915,,Owode OW. 027/13,,,,,,,,,,,,,,,,,,,,,,,,,,,
,,,,2025-01-06 00:00:00,86,170.4825581395349,,Papa 1 OW. 128/99,,,,,,,,,,,,,,,,,,,,,,,,,,,
,,,,2025-01-19 00:00:00,18,93.18055555555556,,Papa 2 OW. 053/05,,,,,,,,,,,,,,,,,,,,,,,,,,,
,,,,2025-01-13 00:00:00,38,217.92105263157896,,Pedro OW. 067/11,,,,,,,,,,,,,,,,,,,,,,,,,,,
,,,,2025-01-05 00:00:00,56,165.33035714285714,,Pelican d'Akanda L. 169/95,,,,,,,,,,,,,,,,,,,,,,,,,,,
,,,,1900-01-08 00:00:00,1,199.5,,Peter OW. 063/17,,,,,,,,,,,,,,,,,,,,,,,,,,,
,,,,2025-01-03 00:00:00,40,163.925,,Peti mauvais OW. 296/06,,,,,,,,,,,,,,,,,,,,,,,,,,,
,,,,2025-01-12 00:00:00,18,161.11666666666667,,Pierre sur maine,,,,,,,,,,,,,,,,,,,,,,,,,,,
,,,,2025-01-04 00:00:00,97,190.39690721649484,,Pigeon L. 127/98,,,,,,,,,,,,,,,,,,,,,,,,,,,
,,,,2025-01-02 00:00:00,18,206.36111111111111,,Pnr KG. 009/17,,,,,,,,,,,,,,,,,,,,,,,,,,,
,,,,2025-01-01 00:00:00,3,89.33333333333333,,Poba 1 OW. 160/02,,,,,,,,,,,,,,,,,,,,,,,,,,,
,,,,2025-02-25 00:00:00,46,139.07608695652175,,Porgentillaise OW. 023/14,,,,,,,,,,,,,,,,,,,,,,,,,,,
,,,,2025-02-18 00:00:00,85,137.79882352941175,,Princesse L. 055/05,,,,,,,,,,,,,,,,,,,,,,,,,,,
,,,,2025-02-07 00:00:00,82,162.5548780487805,,Protection divine AK. 015/21,,,,,,,,,,,,,,,,,,,,,,,,,,,
,,,,2025-02-28 00:00:00,57,154.43859649122808,,Puma OW. 045/18,,,,,,,,,,,,,,,,,,,,,,,,,,,
,,,,2025-02-22 00:00:00,32,110.8125,,Qui sait l'avenir OW. 202/12,,,,,,,,,,,,,,,,,,,,,,,,,,,
,,,,2025-02-12 00:00:00,67,248.71791044776117,,Qui vivra verra CC. 140/05,,,,,,,,,,,,,,,,,,,,,,,,,,,
,,,,2025-02-20 00:00:00,55,165.12727272727273,,Raphael 1 L. 255/99,,,,,,,,,,,,,,,,,,,,,,,,,,,
,,,,2025-02-11 00:00:00,47,248.12765957446808,,Renaissance AK. 043/20,,,,,,,,,,,,,,,,,,,,,,,,,,,
,,,,2025-02-04 00:00:00,73,183.95205479452054,,Rico 2 OW. 306/06,,,,,,,,,,,,,,,,,,,,,,,,,,,
,,,,2025-02-27 00:00:00,62,249.06451612903226,,Rien n'est tard OW. 096/11,,,,,,,,,,,,,,,,,,,,,,,,,,,
,,,,2025-02-15 00:00:00,106,146.91745283018867,,Romidayo AK. 026/21,,,,,,,,,,,,,,,,,,,,,,,,,,,
,,,,2025-02-08 00:00:00,89,176.58426966292134,,Ronaldo 1 CC. 527/17,,,,,,,,,,,,,,,,,,,,,,,,,,,
,,,,2025-02-21 00:00:00,28,205.07142857142858,,Ronaldo OW. 006/01,,,,,,,,,,,,,,,,,,,,,,,,,,,
,,,,2025-02-13 00:00:00,59,138.92372881355934,,Rosana OW. 246/10,,,,,,,,,,,,,,,,,,,,,,,,,,,
,,,,2025-02-06 00:00:00,99,149.16666666666666,,Sandra 2 OW. 050/17,,,,,,,,,,,,,,,,,,,,,,,,,,,
,,,,2025-02-10 00:00:00,45,254.02777777777777,,Sea never dry L. 083/03,,,,,,,,,,,,,,,,,,,,,,,,,,,
,,,,2025-02-14 00:00:00,57,231.44736842105263,,Seeg 1 OW. 034/02,,,,,,,,,,,,,,,,,,,,,,,,,,,
,,,,2025-02-26 00:00:00,55,179.78181818181818,,Seeg 2 AK. 030/19,,,,,,,,,,,,,,,,,,,,,,,,,,,
,,,,2025-02-03 00:00:00,94,215.73936170212767,,Sefoumi OW. 033/07,,,,,,,,,,,,,,,,,,,,,,,,,,,
,,,,2025-02-23 00:00:00,23,119.55434782608695,,Seho L. 006/05,,,,,,,,,,,,,,,,,,,,,,,,,,,
,,,,2025-02-16 00:00:00,53,162.82075471698113,,Seun L. 011/00,,,,,,,,,,,,,,,,,,,,,,,,,,,
,,,,2025-02-05 00:00:00,99,184.6161616161616,,Sharp 2 AK. 027/19,,,,,,,,,,,,,,,,,,,,,,,,,,,
,,,,2025-02-19 00:00:00,47,101.38297872340425,,Sharp KG. 022/14,,,,,,,,,,,,,,,,,,,,,,,,,,,
,,,,2025-02-02 00:00:00,15,226.96666666666667,,Sir Pierre Marine CC. 245/08,,,,,,,,,,,,,,,,,,,,,,,,,,,
,,,,2025-02-01 00:00:00,58,210.88793103448276,,Smalt OW. 121/12,,,,,,,,,,,,,,,,,,,,,,,,,,,
,,,,2025-02-09 00:00:00,16,90.8125,,Sogapa 10 OW. 043/13,,,,,,,,,,,,,,,,,,,,,,,,,,,
,,,,2025-02-17 00:00:00,74,174.93243243243242,,Sogapa 17 OW. 334/00,,,,,,,,,,,,,,,,,,,,,,,,,,,
,,,,2025-02-24 00:00:00,48,177.83854166666666,,Sogapa 19 L. 344/02,,,,,,,,,,,,,,,,,,,,,,,,,,,
,,,,2025-03-27 00:00:00,42,91.01190476190474,,Sogapa 30 L. 166/99,,,,,,,,,,,,,,,,,,,,,,,,,,,
,,,,2025-03-17 00:00:00,32,77.46875,,Sogapa 9 OW. 078/07,,,,,,,,,,,,,,,,,,,,,,,,,,,
,,,,2025-03-10 00:00:00,21,122.32142857142857,,Souviens toi de moi OW. 129/12,,,,,,,,,,,,,,,,,,,,,,,,,,,
,,,,2025-03-30 00:00:00,13,94.20769230769231,,Super Adidas OW. 044/18,,,,,,,,,,,,,,,,,,,,,,,,,,,
,,,,2025-03-23 00:00:00,9,68.72222222222223,,Surulere 1 OW. 034/07,,,,,,,,,,,,,,,,,,,,,,,,,,,
,,,,2025-03-09 00:00:00,51,173.44607843137254,,Tarzan KG. 006/20,,,,,,,,,,,,,,,,,,,,,,,,,,,
,,,,2025-03-16 00:00:00,63,171.68253968253967,,Tassi  OW. 027/02,,,,,,,,,,,,,,,,,,,,,,,,,,,
,,,,2025-03-08 00:00:00,97,152.98711340206185,,Taye OW. 054/11,,,,,,,,,,,,,,,,,,,,,,,,,,,
,,,,2025-03-22 00:00:00,18,78.86111111111111,,Tchango mbia 1 L. 003/95,,,,,,,,,,,,,,,,,,,,,,,,,,,
,,,,2025-03-15 00:00:00,83,151.68072289156626,,Tchango mbia 5 L. 220/07,,,,,,,,,,,,,,,,,,,,,,,,,,,
,,,,2025-03-12 00:00:00,22,96.31818181818181,,Tchango mbia 5 L. 220/07,,,,,,,,,,,,,,,,,,,,,,,,,,,
,,,,2025-03-29 00:00:00,23,98.83695652173913,,Temi L. 190/98,,,,,,,,,,,,,,,,,,,,,,,,,,,
,,,,2025-03-21 00:00:00,25,118.16,,Tipolo 2 OW. 003/11,,,,,,,,,,,,,,,,,,,,,,,,,,,
,,,,2025-03-06 00:00:00,49,63.03061224489796,,Tomy AK. 020/17,,,,,,,,,,,,,,,,,,,,,,,,,,,
,,,,2025-03-18 00:00:00,45,127.76666666666667,,Tony OW. 092/01,,,,,,,,,,,,,,,,,,,,,,,,,,,
,,,,2025-03-24 00:00:00,32,120.328125,,Tope OW. 129/20,,,,,,,,,,,,,,,,,,,,,,,,,,,
,,,,2025-03-07 00:00:00,85,140.95294117647057,,Towolawi Elipheus AK. 018/20,,,,,,,,,,,,,,,,,,,,,,,,,,,
,,,,2025-03-01 00:00:00,18,81.72222222222223,,Trésor 3 KG. 005 /17,,,,,,,,,,,,,,,,,,,,,,,,,,,
,,,,2025-03-05 00:00:00,36,66.44444444444444,,Trésor 4 KG. 02/19,,,,,,,,,,,,,,,,,,,,,,,,,,,
,,,,2025-03-26 00:00:00,55,169.36545454545455,,Union ville OW. 0252/06,,,,,,,,,,,,,,,,,,,,,,,,,,,
,,,,2025-03-14 00:00:00,106,140.02358490566039,,USA 1 L. 143/00,,,,,,,,,,,,,,,,,,,,,,,,,,,
,,,,2025-03-20 00:00:00,60,86.05,,USA 2 AK. 017/19,,,,,,,,,,,,,,,,,,,,,,,,,,,
,,,,2025-03-13 00:00:00,27,110.21296296296296,,Usa KG. 017/19,,,,,,,,,,,,,,,,,,,,,,,,,,,
,,,,2025-03-19 00:00:00,35,68.97857142857143,,Vanite KG. 011/18,,,,,,,,,,,,,,,,,,,,,,,,,,,
,,,,2025-03-04 00:00:00,81,147.73456790123456,,Veronique 1 KG. 064/15,,,,,,,,,,,,,,,,,,,,,,,,,,,
,,,,2025-03-03 00:00:00,15,83.53333333333333,,Veronique 2 L. 013/17,,,,,,,,,,,,,,,,,,,,,,,,,,,
,,,,2025-03-25 00:00:00,44,99.85227272727273,,Vidav 2 KG. 021/14,,,,,,,,,,,,,,,,,,,,,,,,,,,
,,,,2025-03-02 00:00:00,9,205.77777777777777,,Vidav 5 KG. 019/14,,,,,,,,,,,,,,,,,,,,,,,,,,,
,,,,2025-03-31 00:00:00,15,71.26666666666667,,Vidav 6 KG. 018/14,,,,,,,,,,,,,,,,,,,,,,,,,,,
,,,,2025-03-28 00:00:00,36,140.00416666666666,,Vidav 7 KG. 011/14,,,,,,,,,,,,,,,,,,,,,,,,,,,
,,,,2025-03-11 00:00:00,12,91.83333333333333,,W.2 L'awagne AK. 019/21,,,,,,,,,,,,,,,,,,,,,,,,,,,
,,,,2025-04-01 00:00:00,11,332.04545454545456,,Yomi CC. 190/08,,,,,,,,,,,,,,,,,,,,,,,,,,,
,,,,22/01//2025,1,417,,Yvan L.173/89,,,,,,,,,,,,,,,,,,,,,,,,,,,
,,,,2225-01-15 00:00:00,1,124,,Zion L. 104/94,,,,,,,,,,,,,,,,,,,,,,,,,,,
,,,,2025-07-01 00:00:00,15,62.843333333333334,,Zita 1 OW. 025/24,,,,,,,,,,,,,,,,,,,,,,,,,,,
,,,,2025-06-24 00:00:00,48,281.359375,,Abessolo POG.,,,,,,,,,,,,,,,,,,,,,,,,,,,
,,,,2025-06-18 00:00:00,64,132.265625,,Ademola KG. 042/15,,,,,,,,,,,,,,,,,,,,,,,,,,,
,,,,2025-06-26 00:00:00,79,147.57911392405063,,La Wagne Ak. 019/21,,,,,,,,,,,,,,,,,,,,,,,,,,,
,,,,2025-06-21 00:00:00,53,173.3003144654088,,Akendengue L. 1286/23,,,,,,,,,,,,,,,,,,,,,,,,,,,
,,,,2025-06-15 00:00:00,47,91.29787234042553,,Akossiwo OW. 014/14,,,,,,,,,,,,,,,,,,,,,,,,,,,
,,,,2025-06-28 00:00:00,51,82.63333333333334,,Alade KG. 044/14,,,,,,,,,,,,,,,,,,,,,,,,,,,
,,,,2025-06-23 00:00:00,17,159.9558823529412,,Albatros L. 169/00,,,,,,,,,,,,,,,,,,,,,,,,,,,
,,,,2025-06-17 00:00:00,76,152.68421052631578,,Alenakiri,,,,,,,,,,,,,,,,,,,,,,,,,,,
,,,,2025-06-22 00:00:00,23,86.5,,Andre Jesus OW. 04/23,,,,,,,,,,,,,,,,,,,,,,,,,,,
,,,,2025-06-16 00:00:00,51,129.2058823529412,,Angona 2 OW. 044/14,,,,,,,,,,,,,,,,,,,,,,,,,,,
,,,,2025-06-30 00:00:00,11,101.93181818181819,,Anna lucia samuelle OW. 110/20,,,,,,,,,,,,,,,,,,,,,,,,,,,
,,,,2025-06-25 00:00:00,59,213.8728813559322,,Anne peniele rita  OW. 091/19,,,,,,,,,,,,,,,,,,,,,,,,,,,
,,,,2025-06-07 00:00:00,72,146.9752314814815,,Atiritara 1 CC. 120/05,,,,,,,,,,,,,,,,,,,,,,,,,,,
,,,,2025-05-30 00:00:00,28,131.70535714285714,,Avangani aniambie OMB. 204/18,,,,,,,,,,,,,,,,,,,,,,,,,,,
,,,,2025-05-24 00:00:00,61,285.4224043715847,,Awayino KG. 048/14,,,,,,,,,,,,,,,,,,,,,,,,,,,
,,,,2025-05-21 00:00:00,23,135.04130434782607,,Ayeto 2 OW. 043/08,,,,,,,,,,,,,,,,,,,,,,,,,,,
,,,,2025-05-18 00:00:00,57,122.17543859649123,,Babatunde OW. 105/12,,,,,,,,,,,,,,,,,,,,,,,,,,,
,,,,2025-05-16 00:00:00,92,122.305615942029,,Bekale 27 L. 098/03,,,,,,,,,,,,,,,,,,,,,,,,,,,
,,,,2025-05-14 00:00:00,55,161.43545454545455,,Boromdarec POG.,,,,,,,,,,,,,,,,,,,,,,,,,,,
,,,,2025-05-07 00:00:00,78,131.74871794871794,,CapaL.4 OW. 045/17,,,,,,,,,,,,,,,,,,,,,,,,,,,
,,,,2025-04-29 00:00:00,48,302.72083333333336,,CapaL.7 OW. 096/19,,,,,,,,,,,,,,,,,,,,,,,,,,,
,,,,2025-04-24 00:00:00,68,196.75710784313725,,Cepg 17 L.1245/22,,,,,,,,,,,,,,,,,,,,,,,,,,,
,,,,2025-04-19 00:00:00,40,141.87333333333333,,Cepg 1 KG.030/18,,,,,,,,,,,,,,,,,,,,,,,,,,,
,,,,2025-04-10 00:00:00,59,209.98728813559322,,Chinchoua OW. 106/19,,,,,,,,,,,,,,,,,,,,,,,,,,,
,,,,2025-04-20 00:00:00,13,84.97435897435896,,Chinchoua OW. 106/19,,,,,,,,,,,,,,,,,,,,,,,,,,,
,,,,2025-04-14 00:00:00,79,199.23227848101266,,CieL.sur terre AK. 001/22,,,,,,,,,,,,,,,,,,,,,,,,,,,
,,,,2025-04-07 00:00:00,79,114.18417721518986,,Yvan Colis POG. 2476/09,,,,,,,,,,,,,,,,,,,,,,,,,,,
,,,,2025-04-21 00:00:00,22,288.8954545454545,,Cooper OW. 207/08,,,,,,,,,,,,,,,,,,,,,,,,,,,
,,,,2025-04-08 00:00:00,78,195.40897435897435,,Croire à dieu OW. 242/10,,,,,,,,,,,,,,,,,,,,,,,,,,,
,,,,2025-04-30 00:00:00,20,89.13,,Damilola L. 306/10,,,,,,,,,,,,,,,,,,,,,,,,,,,
,,,,2025-04-23 00:00:00,41,257.16666666666663,,David 2 L. 003/06,,,,,,,,,,,,,,,,,,,,,,,,,,,
,,,,2025-04-16 00:00:00,76,115.06644736842104,,Deixa falar L. 043/06,,,,,,,,,,,,,,,,,,,,,,,,,,,
,,,,2025-04-22 00:00:00,52,142.27371794871794,,Diboti 1 L. 019/20,,,,,,,,,,,,,,,,,,,,,,,,,,,
,,,,2025-04-17 00:00:00,72,135.10208333333333,,Dieu créateur OW. 127/20,,,,,,,,,,,,,,,,,,,,,,,,,,,
,,,,2025-04-13 00:00:00,15,115.55333333333333,,Dieudonné OW. 044/11,,,,,,,,,,,,,,,,,,,,,,,,,,,
,,,,2025-04-06 00:00:00,49,85.05884353741496,,Dieudonné OW. 061/18,,,,,,,,,,,,,,,,,,,,,,,,,,,
,,,,2025-04-18 00:00:00,63,111.15873015873017,,Efayong L. 026/01,,,,,,,,,,,,,,,,,,,,,,,,,,,
,,,,2025-04-25 00:00:00,87,147.52241379310342,,Eliwa bendje PG. 531/18,,,,,,,,,,,,,,,,,,,,,,,,,,,
,,,,2025-04-15 00:00:00,66,133.4537878787879,,Emmanuel KG. 014/14,,,,,,,,,,,,,,,,,,,,,,,,,,,
,,,,2025-06-29 00:00:00,18,67.11111111111111,,Emmanuel L. 010/06,,,,,,,,,,,,,,,,,,,,,,,,,,,
,,,,2025-06-27 00:00:00,86,103.01744186046511,,Emmanuel OW. 047/05,,,,,,,,,,,,,,,,,,,,,,,,,,,
,,,,2025-06-20 00:00:00,47,199.64645390070925,,Emmanuel 1 OW. 027/07,,,,,,,,,,,,,,,,,,,,,,,,,,,
,,,,2025-06-11 00:00:00,50,193.075,,Emmanuel 2,,,,,,,,,,,,,,,,,,,,,,,,,,,
,,,,2025-06-10 00:00:00,46,278.0652173913044,,Equateur 19,,,,,,,,,,,,,,,,,,,,,,,,,,,
,,,,2025-06-06 00:00:00,89,108.73595505617978,,Equateur 12 CC. 330/12,,,,,,,,,,,,,,,,,,,,,,,,,,,
,,,,2025-06-13 00:00:00,39,159.85683760683762,,Equateur 35 AK.018/22,,,,,,,,,,,,,,,,,,,,,,,,,,,
,,,,2025-05-15 00:00:00,91,144.15567765567766,,Equateur 10. L12/01,,,,,,,,,,,,,,,,,,,,,,,,,,,
,,,,2025-05-22 00:00:00,39,128.72435897435898,,Equateur 17 LA.1245/20,,,,,,,,,,,,,,,,,,,,,,,,,,,
,,,,2025-05-29 00:00:00,58,300.0370689655173,,Esperance OW. 172/09,,,,,,,,,,,,,,,,,,,,,,,,,,,
,,,,2025-05-28 00:00:00,74,255.82432432432432,,Etienne L. 030/02,,,,,,,,,,,,,,,,,,,,,,,,,,,
,,,,2025-05-27 00:00:00,65,148.77307692307693,,Eva maria OW. 008/18,,,,,,,,,,,,,,,,,,,,,,,,,,,
,,,,2025-05-20 00:00:00,67,137.72014925373134,,Faloba OW. 19/07,,,,,,,,,,,,,,,,,,,,,,,,,,,
,,,,2025-05-13 00:00:00,42,173.96428571428572,,Force divine OW 165/12,,,,,,,,,,,,,,,,,,,,,,,,,,,
,,,,2025-05-06 00:00:00,60,129.3,,God bless 2 CC. 578/21,,,,,,,,,,,,,,,,,,,,,,,,,,,
,,,,2025-06-05 00:00:00,77,110.3409090909091,,God will 1 L. 009/12,,,,,,,,,,,,,,,,,,,,,,,,,,,
,,,,2025-06-12 00:00:00,38,179.30043859649123,,Godbless 2 CC. 578/21,,,,,,,,,,,,,,,,,,,,,,,,,,,
,,,,2025-06-14 00:00:00,70,78.74761904761905,,Grace AK. 006/19,,,,,,,,,,,,,,,,,,,,,,,,,,,
,,,,2025-06-04 00:00:00,75,116.592,,Helen CC. 477/15,,,,,,,,,,,,,,,,,,,,,,,,,,,
,,,,2025-05-02 00:00:00,21,64.52380952380952,,Herbert AK. 008/22,,,,,,,,,,,,,,,,,,,,,,,,,,,
,,,,2025-04-26 00:00:00,79,113.43502109704642,,Igondjo marie georgette L. 045/05,,,,,,,,,,,,,,,,,,,,,,,,,,,
,,,,2025-05-08 00:00:00,81,110.16358024691358,,Ipokap L. 126/02,,,,,,,,,,,,,,,,,,,,,,,,,,,
,,,,2025-06-19 00:00:00,65,127,,Ismael L. 051/01,,,,,,,,,,,,,,,,,,,,,,,,,,,
,,,,2025-07-04 00:00:00,38,55.23026315789474,,IsmaeL.OW. 141/12,,,,,,,,,,,,,,,,,,,,,,,,,,,
,,,,2025-04-04 00:00:00,84,136.02678571428572,,Iyanu KG. 039/14,,,,,,,,,,,,,,,,,,,,,,,,,,,
,,,,2025-05-23 00:00:00,42,88.18690476190476,,J marine L. 051/01,,,,,,,,,,,,,,,,,,,,,,,,,,,
,,,,2025-05-31 00:00:00,29,267.4568965517241,,Justice divine L. 005/23,,,,,,,,,,,,,,,,,,,,,,,,,,,
,,,,2025-05-17 00:00:00,92,144.71413043478262,,Kiket 1 L. 061/03,,,,,,,,,,,,,,,,,,,,,,,,,,,
,,,,2025-04-27 00:00:00,35,101.27142857142857,,Kiket 4 OW. 007/13,,,,,,,,,,,,,,,,,,,,,,,,,,,
,,,,2025-04-09 00:00:00,71,213.20328638497654,,La déesse Marine OW. 001/13,,,,,,,,,,,,,,,,,,,,,,,,,,,
,,,,2025-05-26 00:00:00,65,243.56923076923076,,La leconi 2 OW. 221/09,,,,,,,,,,,,,,,,,,,,,,,,,,,
,,,,2025-05-19 00:00:00,33,248.82575757575756,,La maison Blanche OW. 071/13,,,,,,,,,,,,,,,,,,,,,,,,,,,
,,,,2025-04-28 00:00:00,38,168.70394736842104,,La vie est belle OW. 219/09,,,,,,,,,,,,,,,,,,,,,,,,,,,
,,,,2025-04-05 00:00:00,82,124.0831300813008,,La volonté de Dieu OW. 056/17,,,,,,,,,,,,,,,,,,,,,,,,,,,
,,,,2025-06-09 00:00:00,42,321.73809523809524,,Le watt OW. 108/12,,,,,,,,,,,,,,,,,,,,,,,,,,,
,,,,2025-06-08 00:00:00,32,93.2109375,,Leon 2 AK. 007/22,,,,,,,,,,,,,,,,,,,,,,,,,,,
,,,,2025-06-03 00:00:00,30,150.86666666666667,,L'eterneL.est mon berger AK. 025/19,,,,,,,,,,,,,,,,,,,,,,,,,,,
,,,,2025-05-25 00:00:00,36,83.11111111111111,,Mahulolo OW. 074/11,,,,,,,,,,,,,,,,,,,,,,,,,,,
,,,,2025-05-10 00:00:00,72,164.8101851851852,,Major 3 OW. 326/10,,,,,,,,,,,,,,,,,,,,,,,,,,,
,,,,2025-05-09 00:00:00,85,105.17549019607844,,Major 4 OW. 044/13,,,,,,,,,,,,,,,,,,,,,,,,,,,
,,,,2025-05-12 00:00:00,32,268.05,,Margeris d'Akanda AK. 022/20,,,,,,,,,,,,,,,,,,,,,,,,,,,
,,,,2025-04-11 00:00:00,43,218.87093023255815,,Marie Maxim L.019/14,,,,,,,,,,,,,,,,,,,,,,,,,,,
,,,,2025-04-03 00:00:00,38,217.04605263157896,,Maurice OW. 124/20,,,,,,,,,,,,,,,,,,,,,,,,,,,
,,,,2025-07-03 00:00:00,41,64.15243902439025,,Max L. 308/12,,,,,,,,,,,,,,,,,,,,,,,,,,,
,,,,2025-06-02 00:00:00,43,168,,Maye sur mer L. 024/12,,,,,,,,,,,,,,,,,,,,,,,,,,,
,,,,156/04/2025,1,83,,Mbenga  KG. 001/20,,,,,,,,,,,,,,,,,,,,,,,,,,,
,,,,2025-05-11 00:00:00,28,119.21428571428571,,Merci City OW. 006/08,,,,,,,,,,,,,,,,,,,,,,,,,,,
,,,,2025-05-05 00:00:00,28,312.14285714285717,,Merci mon Dieu CC. 300/10,,,,,,,,,,,,,,,,,,,,,,,,,,,
,,,,2025-04-12 00:00:00,8,225,,Messilama,,,,,,,,,,,,,,,,,,,,,,,,,,,
,,,,2025-05-01 00:00:00,5,25.8,,Miracle 1 OW. 075/08,,,,,,,,,,,,,,,,,,,,,,,,,,,
,,,,2025-04-02 00:00:00,7,114.85714285714286,,Miracle 2 OW. 316/10,,,,,,,,,,,,,,,,,,,,,,,,,,,
,,,,2025-05-03 00:00:00,2,68.83333333333333,,MMC/Mayes 1 AK. 009/19,,,,,,,,,,,,,,,,,,,,,,,,,,,
,,,,123/05/2025,1,72,,Mme O et fils AK. 006/21,,,,,,,,,,,,,,,,,,,,,,,,,,,
,,,,2025-06-01 00:00:00,15,79.51666666666667,,Moboladji OW. 061/11,,,,,,,,,,,,,,,,,,,,,,,,,,,
,,,,2025-07-02 00:00:00,22,80.69318181818181,,Mon chasseur AK. 004/19,,,,,,,,,,,,,,,,,,,,,,,,,,,
,,,,2025-05-04 00:00:00,7,99.17857142857143,,Moun awou L. 026/06,,,,,,,,,,,,,,,,,,,,,,,,,,,
,,,,2025-07-05 00:00:00,5,47.65,,Natanaelle aube  KG. 013/18,,,,,,,,,,,,,,,,,,,,,,,,,,,
,,,,1404/2025,1,40,,Nicolas 1 OW. 021/13,,,,,,,,,,,,,,,,,,,,,,,,,,,
,,,,1900-01-10 00:00:00,1,120,,Olododo CC. 427/14,,,,,,,,,,,,,,,,,,,,,,,,,,,
,,,,1900-01-09 00:00:00,1,208,,Oluwa  seun L. 137/99,,,,,,,,,,,,,,,,,,,,,,,,,,,
,,,,04/074/2025,1,240,,Omm OWomo  OW. 131/20,,,,,,,,,,,,,,,,,,,,,,,,,,,
,,,,5025-04-04 00:00:00,1,40,,On dit Quoi L. 205/06,,,,,,,,,,,,,,,,,,,,,,,,,,,
,,,,25/042025,1,21,,Oss-kama 2 CC. 452/14,,,,,,,,,,,,,,,,,,,,,,,,,,,
,,,,,,,,Oss-kama 3 L. 005/18,,,,,,,,,,,,,,,,,,,,,,,,,,,
,,,,,,,,Prayer is the key 1 OW. 020/07,,,,,,,,,,,,,,,,,,,,,,,,,,,
,,,,,,,,Prayer is the key 4 OW. 012/13,,,,,,,,,,,,,,,,,,,,,,,,,,,
,,,,,,,,Qui ça gene CC. 281/10,,,,,,,,,,,,,,,,,,,,,,,,,,,
,,,,,,,,Raphael KG.034/14,,,,,,,,,,,,,,,,,,,,,,,,,,,
,,,,,,,,Rehoboth POG.,,,,,,,,,,,,,,,,,,,,,,,,,,,
,,,,,,,,Ronaldino gabon OW. 307/06,,,,,,,,,,,,,,,,,,,,,,,,,,,
,,,,,,,,S s a i CC. 587/21,,,,,,,,,,,,,,,,,,,,,,,,,,,
,,,,,,,,Samuel OW. 085/15,,,,,,,,,,,,,,,,,,,,,,,,,,,
,,,,,,,,Segue CC. 402/13,,,,,,,,,,,,,,,,,,,,,,,,,,,
,,,,,,,,Seyifumi OW. 181/09,,,,,,,,,,,,,,,,,,,,,,,,,,,
,,,,,,,,Sogapa 1 L. 266/08,,,,,,,,,,,,,,,,,,,,,,,,,,,
,,,,,,,,Sogapa 4 OW. 082/07,,,,,,,,,,,,,,,,,,,,,,,,,,,
,,,,,,,,Soji KG. 032/14,,,,,,,,,,,,,,,,,,,,,,,,,,,
,,,,,,,,Source de vie AK. 013/22,,,,,,,,,,,,,,,,,,,,,,,,,,,
,,,,,,,,St Abes odo express PG. 283/11,,,,,,,,,,,,,,,,,,,,,,,,,,,
,,,,,,,,Taye 1 CC. 474/15,,,,,,,,,,,,,,,,,,,,,,,,,,,
,,,,,,,,Tchango mbia nouvelle generation PG. 7217/20,,,,,,,,,,,,,,,,,,,,,,,,,,,
,,,,,,,,Tchoutchou L. 022/18,,,,,,,,,,,,,,,,,,,,,,,,,,,
,,,,,,,,Tout reste OW. 011/19,,,,,,,,,,,,,,,,,,,,,,,,,,,
,,,,,,,,Toyota OW. 295/99,,,,,,,,,,,,,,,,,,,,,,,,,,,
,,,,,,,,Tristar 2 L. 019/05,,,,,,,,,,,,,,,,,,,,,,,,,,,
,,,,,,,,Unissons nous OW. 092/08,,,,,,,,,,,,,,,,,,,,,,,,,,,
,,,,,,,,Yassalamo 2 PG. 757/19,,,,,,,,,,,,,,,,,,,,,,,,,,,
,,,,,,,,Yvan L. 173/89,,,,,,,,,,,,,,,,,,,,,,,,,,,
,,,,,,,,La Porgentillaise OW. 023/14,,,,,,,,,,,,,,,,,,,,,,,,,,,
,,,,,,,,Ozomboue PG. 531/97,,,,,,,,,,,,,,,,,,,,,,,,,,,
,,,,,,,,Pool OW. 158/09,,,,,,,,,,,,,,,,,,,,,,,,,,,
,,,,,,,,Love OW. 172/12,,,,,,,,,,,,,,,,,,,,,,,,,,,
,,,,,,,,Psaumes 35 AK. 028/18,,,,,,,,,,,,,,,,,,,,,,,,,,,
,,,,,,,,Body 1 OW. 245/10,,,,,,,,,,,,,,,,,,,,,,,,,,,
,,,,,,,,Body 2 OW. 247/11,,,,,,,,,,,,,,,,,,,,,,,,,,,
,,,,,,,,Body 2 OW. 247/12,,,,,,,,,,,,,,,,,,,,,,,,,,,
,,,,,,,,Les princesses 6 CC. 336/11,,,,,,,,,,,,,,,,,,,,,,,,,,,
,,,,,,,,La famille L. 025/00,,,,,,,,,,,,,,,,,,,,,,,,,,,
,,,,,,,,Ciel sur terre AK. 002/22,,,,,,,,,,,,,,,,,,,,,,,,,,,
,,,,,,,,Justice Divine L. 005/21,,,,,,,,,,,,,,,,,,,,,,,,,,,
,,,,,,,,Grace 1 L. 082/00,,,,,,,,,,,,,,,,,,,,,,,,,,,
,,,,,,,,Dieu est grand  L. 365/95,,,,,,,,,,,,,,,,,,,,,,,,,,,
,,,,,,,,Diback 2 AK. 008/24,,,,,,,,,,,,,,,,,,,,,,,,,,,
,,,,,,,,Courage 2 CC. 568/20,,,,,,,,,,,,,,,,,,,,,,,,,,,
,,,,,,,,Galetome L. 081/97,,,,,,,,,,,,,,,,,,,,,,,,,,,
,,,,,,,,Equateur 6 L. 034/16,,,,,,,,,,,,,,,,,,,,,,,,,,,
,,,,,,,,Equateur 7 AK. 09/18,,,,,,,,,,,,,,,,,,,,,,,,,,,
,,,,,,,,Ch0sen 0W. 025/11,,,,,,,,,,,,,,,,,,,,,,,,,,,
,,,,,,,,Au nom de dieu OW. 317/10,,,,,,,,,,,,,,,,,,,,,,,,,,,
,,,,,,,,Experience  L. 048/96,,,,,,,,,,,,,,,,,,,,,,,,,,,
,,,,,,,,Ntsou L. 001/025,,,,,,,,,,,,,,,,,,,,,,,,,,,
,,,,,,,,Ntsou L. 001/026,,,,,,,,,,,,,,,,,,,,,,,,,,,
,,,,,,,,Claire Voyance AK. 040/24,,,,,,,,,,,,,,,,,,,,,,,,,,,
,,,,,,,,Espoir 1 AK. 045/24,,,,,,,,,,,,,,,,,,,,,,,,,,,
,,,,,,,,Louange AK. 039/24,,,,,,,,,,,,,,,,,,,,,,,,,,,
,,,,,,,,Marie Claire AK. 061/20,,,,,,,,,,,,,,,,,,,,,,,,,,,
,,,,,,,,Maxime AK. 019/24,,,,,,,,,,,,,,,,,,,,,,,,,,,
,,,,,,,,Only God AK. 027/24,,,,,,,,,,,,,,,,,,,,,,,,,,,
,,,,,,,,Veronique 3 KG.  024/24,,,,,,,,,,,,,,,,,,,,,,,,,,,
,,,,,,,,Capitaine fish 2 OW. 18/24,,,,,,,,,,,,,,,,,,,,,,,,,,,
,,,,,,,,Diback 5 OW. 035/21,,,,,,,,,,,,,,,,,,,,,,,,,,,
,,,,,,,,Equateur 16 L.A. 126/23,,,,,,,,,,,,,,,,,,,,,,,,,,,
,,,,,,,,Equateur 32,,,,,,,,,,,,,,,,,,,,,,,,,,,
,,,,,,,,Bonheur et grace  OW. 03/24,,,,,,,,,,,,,,,,,,,,,,,,,,,
,,,,,,,,Chelcina  OW. 110/15,,,,,,,,,,,,,,,,,,,,,,,,,,,
,,,,,,,,Oveng abe 2 OW. 074/15,,,,,,,,,,,,,,,,,,,,,,,,,,,
,,,,,,,,AYO 1 L. 359/99,,,,,,,,,,,,,,,,,,,,,,,,,,,
,,,,,,,,God bless 1 L. 260/95,,,,,,,,,,,,,,,,,,,,,,,,,,,
,,,,,,,,Ephraim OW. 56/24,,,,,,,,,,,,,,,,,,,,,,,,,,,
,,,,,,,,Maxime  OW. 048/24,,,,,,,,,,,,,,,,,,,,,,,,,,,
,,,,,,,,Equateur 29 OW. 330/19,,,,,,,,,,,,,,,,,,,,,,,,,,,
,,,,,,,,Hidja OMB. 208/18,,,,,,,,,,,,,,,,,,,,,,,,,,,
,,,,,,,,Abibi 2 OW. 097/19,,,,,,,,,,,,,,,,,,,,,,,,,,,
,,,,,,,,La Difference OW. 002/03,,,,,,,,,,,,,,,,,,,,,,,,,,,
,,,,,,,,La Djoue Onga OW. 029/07,,,,,,,,,,,,,,,,,,,,,,,,,,,
,,,,,,,,Nyingone OW. 288/10,,,,,,,,,,,,,,,,,,,,,,,,,,,
,,,,,,,,Oiseaux 2 CC. 429/14,,,,,,,,,,,,,,,,,,,,,,,,,,,
,,,,,,,,Binpe L. 262/98,,,,,,,,,,,,,,,,,,,,,,,,,,,
,,,,,,,,Bekam 2 OW.  104/19,,,,,,,,,,,,,,,,,,,,,,,,,,,
,,,,,,,,Le vieux L. 035/00,,,,,,,,,,,,,,,,,,,,,,,,,,,
,,,,,,,,Grace 2 L. 082/00,,,,,,,,,,,,,,,,,,,,,,,,,,,
,,,,,,,,Vidav KG. 021/145,,,,,,,,,,,,,,,,,,,,,,,,,,,
,,,,,,,,Damilola  OW. 206/10,,,,,,,,,,,,,,,,,,,,,,,,,,,
,,,,,,,,Dieu crateur  OW. 127/20,,,,,,,,,,,,,,,,,,,,,,,,,,,
,,,,,,,,Etienne L. 03/02,,,,,,,,,,,,,,,,,,,,,,,,,,,
,,,,,,,,PiterOW. 063/17,,,,,,,,,,,,,,,,,,,,,,,,,,,
,,,,,,,,Diboti 1 L. 19/20,,,,,,,,,,,,,,,,,,,,,,,,,,,
,,,,,,,,Gbtongnidan L. 145/97,,,,,,,,,,,,,,,,,,,,,,,,,,,
,,,,,,,,Brigitte 1 L. 088/99,,,,,,,,,,,,,,,,,,,,,,,,,,,
,,,,,,,,Abla Afko L. 197/90,,,,,,,,,,,,,,,,,,,,,,,,,,,
,,,,,,,,Amoussogbo L. 047/94,,,,,,,,,,,,,,,,,,,,,,,,,,,
,,,,,,,,Amahomi,,,,,,,,,,,,,,,,,,,,,,,,,,,
,,,,,,,,Mahussi OW. 050/24,,,,,,,,,,,,,,,,,,,,,,,,,,,
,,,,,,,,Guepard L. 021/18,,,,,,,,,,,,,,,,,,,,,,,,,,,
,,,,,,,,Canna varo PG. 608/16,,,,,,,,,,,,,,,,,,,,,,,,,,,
,,,,,,,,Dieu avant tout,,,,,,,,,,,,,,,,,,,,,,,,,,,
,,,,,,,,Dieu donne tout,,,,,,,,,,,,,,,,,,,,,,,,,,,
,,,,,,,,Sharp 1 KG. 022/14,,,,,,,,,,,,,,,,,,,,,,,,,,,
,,,,,,,,CRAMPE 1 L. 006/23,,,,,,,,,,,,,,,,,,,,,,,,,,,
,,,,,,,,Bekale  27,,,,,,,,,,,,,,,,,,,,,,,,,,,
,,,,,,,,Domnique,,,,,,,,,,,,,,,,,,,,,,,,,,,
,,,,,,,,Famille Confiance 2 OW. 189/10,,,,,,,,,,,,,,,,,,,,,,,,,,,
,,,,,,,,Maison blanche,,,,,,,,,,,,,,,,,,,,,,,,,,,
,,,,,,,,Vautour AK. 0017/22,,,,,,,,,,,,,,,,,,,,,,,,,,,
,,,,,,,,Sogapa 30 OW. 166/12,,,,,,,,,,,,,,,,,,,,,,,,,,,
,,,,,,,,Elle mahussi OW. 050/24,,,,,,,,,,,,,,,,,,,,,,,,,,,
,,,,,,,,Equateur  17 la 1245/22,,,,,,,,,,,,,,,,,,,,,,,,,,,
,,,,,,,,Emmauel L. 010/06,,,,,,,,,,,,,,,,,,,,,,,,,,,
,,,,,,,,Ephaim OW. 56/24,,,,,,,,,,,,,,,,,,,,,,,,,,,
,,,,,,,,God love L. 009/12,,,,,,,,,,,,,,,,,,,,,,,,,,,
,,,,,,,,Canavaro,,,,,,,,,,,,,,,,,,,,,,,,,,,
,,,,,,,,Diboti PG. 292/11,,,,,,,,,,,,,,,,,,,,,,,,,,,
,,,,,,,,Foumban OMB. 299/23,,,,,,,,,,,,,,,,,,,,,,,,,,,
,,,,,,,,Ilyana laure OMB. 323/24,,,,,,,,,,,,,,,,,,,,,,,,,,,
,,,,,,,,Rehoboth PG. 913/23,,,,,,,,,,,,,,,,,,,,,,,,,,,
,,,,,,,,Vaye PG. 553/16,,,,,,,,,,,,,,,,,,,,,,,,,,,
,,,,,,,,Crampe 2 AK. 020/24,,,,,,,,,,,,,,,,,,,,,,,,,,,
,,,,,,,,Espoir 2 AK. 048/24,,,,,,,,,,,,,,,,,,,,,,,,,,,
,,,,,,,,Dieu donne  OW. 061/18,,,,,,,,,,,,,,,,,,,,,,,,,,,
,,,,,,,,Ngadi 2 L. 341/02,,,,,,,,,,,,,,,,,,,,,,,,,,,
,,,,,,,,Maime OW. 048/24,,,,,,,,,,,,,,,,,,,,,,,,,,,
,,,,,,,,Olive BKB OW. /20,,,,,,,,,,,,,,,,,,,,,,,,,,,
,,,,,,,,Evizo OW. 143/01,,,,,,,,,,,,,,,,,,,,,,,,,,,
,,,,,,,,Abessolopog,,,,,,,,,,,,,,,,,,,,,,,,,,,
,,,,,,,,Atiritara  2 CC. 201/08,,,,,,,,,,,,,,,,,,,,,,,,,,,
,,,,,,,,Dieu donne L. 228/05,,,,,,,,,,,,,,,,,,,,,,,,,,,
,,,,,,,,Diboti  PG. 292/11,,,,,,,,,,,,,,,,,,,,,,,,,,,
,,,,,,,,Dieu avant tout PG. 847/20,,,,,,,,,,,,,,,,,,,,,,,,,,,
,,,,,,,,Yalayana  om314/23,,,,,,,,,,,,,,,,,,,,,,,,,,,
,,,,,,,,Canavaro,,,,,,,,,,,,,,,,,,,,,,,,,,,
,,,,,,,,Miboutte,,,,,,,,,,,,,,,,,,,,,,,,,,,
,,,,,,,,Bekale 3 L. 077/03,,,,,,,,,,,,,,,,,,,,,,,,,,,
,,,,,,,,Bekale 3 OW. 028/03,,,,,,,,,,,,,,,,,,,,,,,,,,,
,,,,,,,,Alahuda CC. 521/18,,,,,,,,,,,,,,,,,,,,,,,,,,,
,,,,,,,,Andrew l 280/99,,,,,,,,,,,,,,,,,,,,,,,,,,,
,,,,,,,,APG. CC. 345/12,,,,,,,,,,,,,,,,,,,,,,,,,,,
,,,,,,,,CRACE A DIEU L. 321/58,,,,,,,,,,,,,,,,,,,,,,,,,,,
,,,,,,,,Surulere1 OW. 051/11,,,,,,,,,,,,,,,,,,,,,,,,,,,
,,,,,,,,Yannick 1 OW. 09/08,,,,,,,,,,,,,,,,,,,,,,,,,,,
,,,,,,,,La Source 2 OW. 047/11,,,,,,,,,,,,,,,,,,,,,,,,,,,
,,,,,,,,Abibi 1 OW. 022/03,,,,,,,,,,,,,,,,,,,,,,,,,,,
,,,,,,,,Abibi 1 OW. 022/04,,,,,,,,,,,,,,,,,,,,,,,,,,,
,,,,,,,,Abibi 1 OW. 022/05,,,,,,,,,,,,,,,,,,,,,,,,,,,
,,,,,,,,Abibi 1 OW. 022/06,,,,,,,,,,,,,,,,,,,,,,,,,,,
,,,,,,,,Abibi 1 OW. 022/07,,,,,,,,,,,,,,,,,,,,,,,,,,,
,,,,,,,,Abibi 1 OW. 022/08,,,,,,,,,,,,,,,,,,,,,,,,,,,
,,,,,,,,Abibi 1 OW. 022/09,,,,,,,,,,,,,,,,,,,,,,,,,,,
,,,,,,,,Abibi 1 OW. 022/10,,,,,,,,,,,,,,,,,,,,,,,,,,,
,,,,,,,,Nyingone OW. 288/11,,,,,,,,,,,,,,,,,,,,,,,,,,,
,,,,,,,,Nyingone OW. 288/12,,,,,,,,,,,,,,,,,,,,,,,,,,,
,,,,,,,,Nyingone OW. 288/13,,,,,,,,,,,,,,,,,,,,,,,,,,,
,,,,,,,,Nyingone OW. 288/14,,,,,,,,,,,,,,,,,,,,,,,,,,,
,,,,,,,,Nyingone OW. 288/15,,,,,,,,,,,,,,,,,,,,,,,,,,,
,,,,,,,,Nyingone OW. 288/16,,,,,,,,,,,,,,,,,,,,,,,,,,,
,,,,,,,,Nyingone OW. 288/17,,,,,,,,,,,,,,,,,,,,,,,,,,,
,,,,,,,,Abla fisherman L. 095/95,,,,,,,,,,,,,,,,,,,,,,,,,,,
,,,,,,,,Americain,,,,,,,,,,,,,,,,,,,,,,,,,,,
,,,,,,,,Bekale 6 OW. 094/11,,,,,,,,,,,,,,,,,,,,,,,,,,,
,,,,,,,,Grace à Dieu OW. 090/19,,,,,,,,,,,,,,,,,,,,,,,,,,,
,,,,,,,,CRACE A DIEU L. 326/02,,,,,,,,,,,,,,,,,,,,,,,,,,,
,,,,,,,,DISCO L. 030/22,,,,,,,,,,,,,,,,,,,,,,,,,,,
,,,,,,,,La maison Blanche OW. 071/13,,,,,,,,,,,,,,,,,,,,,,,,,,,
,,,,,,,,Youtheul CC. 427/14,,,,,,,,,,,,,,,,,,,,,,,,,,,
,,,,,,,,Nyingono OW. 288/10,,,,,,,,,,,,,,,,,,,,,,,,,,,
,,,,,,,,Claude OW. 122/02,,,,,,,,,,,,,,,,,,,,,,,,,,,
,,,,,,,,Claude OW. 122/03,,,,,,,,,,,,,,,,,,,,,,,,,,,
,,,,,,,,Claude OW. 122/04,,,,,,,,,,,,,,,,,,,,,,,,,,,
,,,,,,,,Claude OW. 122/05,,,,,,,,,,,,,,,,,,,,,,,,,,,
,,,,,,,,Claude OW. 122/06,,,,,,,,,,,,,,,,,,,,,,,,,,,
,,,,,,,,Abla Afko l 97/90,,,,,,,,,,,,,,,,,,,,,,,,,,,
,,,,,,,,Les aigles 2 KG. 002/18,,,,,,,,,,,,,,,,,,,,,,,,,,,
,,,,,,,,Anna lucia samuelle  OW. 110/20,,,,,,,,,,,,,,,,,,,,,,,,,,,
,,,,,,,,Jolie Maman PG. 945/23,,,,,,,,,,,,,,,,,,,,,,,,,,,
,,,,,,,,Equateur 11 OW. 0011/23,,,,,,,,,,,,,,,,,,,,,,,,,,,
,,,,,,,,Mon village OW. 041/24,,,,,,,,,,,,,,,,,,,,,,,,,,,
,,,,,,,,Avangani aniambi OMB.204/18,,,,,,,,,,,,,,,,,,,,,,,,,,,
,,,,,,,,Cepg 3_KG. 005/18,,,,,,,,,,,,,,,,,,,,,,,,,,,
,,,,,,,,Equateur 17 la.1245/22,,,,,,,,,,,,,,,,,,,,,,,,,,,
,,,,,,,,Qui ça gene_CC. 281/10,,,,,,,,,,,,,,,,,,,,,,,,,,,
,,,,,,,,Joseph_L. 275/08,,,,,,,,,,,,,,,,,,,,,,,,,,,
,,,,,,,,L'homme propose Dieu dispose_CC. 151/06,,,,,,,,,,,,,,,,,,,,,,,,,,,
,,,,,,,,Fatihat_L. 238/07,,,,,,,,,,,,,,,,,,,,,,,,,,,
,,,,,,,,Seho_L. 006/05,,,,,,,,,,,,,,,,,,,,,,,,,,,
,,,,,,,,Fifon Mibio_CC. 100/04,,,,,,,,,,,,,,,,,,,,,,,,,,,
,,,,,,,,Moussavou 1_OW. 026/06,,,,,,,,,,,,,,,,,,,,,,,,,,,
,,,,,,,,Psaume_AK 011/18,,,,,,,,,,,,,,,,,,,,,,,,,,,
,,,,,,,,Iwomo Iwomo_OW 057/24,,,,,,,,,,,,,,,,,,,,,,,,,,,
,,,,,,,,Reflechir_OW 059/24,,,,,,,,,,,,,,,,,,,,,,,,,,,
,,,,,,,,Sinai 1_OW 006/11,,,,,,,,,,,,,,,,,,,,,,,,,,,
,,,,,,,,Love_OW. 172/12,,,,,,,,,,,,,,,,,,,,,,,,,,,
,,,,,,,,Major 3_OW. 326/10,,,,,,,,,,,,,,,,,,,,,,,,,,,
,,,,,,,,Malaxi 3_OW. 068/17,,,,,,,,,,,,,,,,,,,,,,,,,,,
,,,,,,,,Emmanuel 2_OW. 027/07,,,,,,,,,,,,,,,,,,,,,,,,,,,
,,,,,,,,Moussavou 2_L. 027/07,,,,,,,,,,,,,,,,,,,,,,,,,,,
,,,,,,,,Baro 2_OW. 150/20,,,,,,,,,,,,,,,,,,,,,,,,,,,
,,,,,,,,Felix_L. 309/08,,,,,,,,,,,,,,,,,,,,,,,,,,,
,,,,,,,,BIENVENUE OW 039/13,,,,,,,,,,,,,,,,,,,,,,,,,,,
,,,,,,,,Dieu BENI OW 058/24,,,,,,,,,,,,,,,,,,,,,,,,,,,
,,,,,,,,IWOMO IWOMO OW 057/24,,,,,,,,,,,,,,,,,,,,,,,,,,,
,,,,,,,,Agona 2_OW. 044/14,,,,,,,,,,,,,,,,,,,,,,,,,,,
,,,,,,,,PSume_AK 028/18,,,,,,,,,,,,,,,,,,,,,,,,,,,
,,,,,,,,Psaume AK 028/18,,,,,,,,,,,,,,,,,,,,,,,,,,,
,,,,,,,,SINAI OW 006/11,,,,,,,,,,,,,,,,,,,,,,,,,,,
,,,,,,,,PSaume_AK 028/18,,,,,,,,,,,,,,,,,,,,,,,,,,,
,,,,,,,,Bebe_CC. 330/11,,,,,,,,,,,,,,,,,,,,,,,,,,,
,,,,,,,,YOMI CC190/08,,,,,,,,,,,,,,,,,,,,,,,,,,,
,,,,,,,,Oss-kama 4_CC. 480/15,,,,,,,,,,,,,,,,,,,,,,,,,,,
,,,,,,,,Bekale 4 L. 024/11,,,,,,,,,,,,,,,,,,,,,,,,,,,
,,,,,,,,Ayo 1_L 359/99,,,,,,,,,,,,,,,,,,,,,,,,,,,
,,,,,,,,Ayo_L 359/99,,,,,,,,,,,,,,,,,,,,,,,,,,,
,,,,,,,,Raphael 1_L. 255/99,,,,,,,,,,,,,,,,,,,,,,,,,,,
,,,,,,,,Opt_L. 254/04,,,,,,,,,,,,,,,,,,,,,,,,,,,
,,,,,,,,Bekale 22_OW. 058/11,,,,,,,,,,,,,,,,,,,,,,,,,,,
,,,,,,,,Bekale 25_OW. 012/08,,,,,,,,,,,,,,,,,,,,,,,,,,,
,,,,,,,,Bekale 6_OW. 094/11,,,,,,,,,,,,,,,,,,,,,,,,,,,
,,,,,,,,Bekale 8_OW. 077/08,,,,,,,,,,,,,,,,,,,,,,,,,,,
,,,,,,,,Bekale 9_L. 028/03,,,,,,,,,,,,,,,,,,,,,,,,,,,
,,,,,,,,Marie-Maxime_L. 019/14,,,,,,,,,,,,,,,,,,,,,,,,,,,
,,,,,,,,Abisso ow22/18,,,,,,,,,,,,,,,,,,,,,,,,,,,
,,,,,,,,Adehin ow126/20,,,,,,,,,,,,,,,,,,,,,,,,,,,
,,,,,,,,Equateur 21,,,,,,,,,,,,,,,,,,,,,,,,,,,
,,,,,,,,Maison blanche_CC 461/15,,,,,,,,,,,,,,,,,,,,,,,,,,,
,,,,,,,,Maison blanche_CC 461/16,,,,,,,,,,,,,,,,,,,,,,,,,,,
,,,,,,,,Evizo_OW 143/01,,,,,,,,,,,,,,,,,,,,,,,,,,,
,,,,,,,,Evizo_OW 143/02,,,,,,,,,,,,,,,,,,,,,,,,,,,
,,,,,,,,Evizo_OW 143/03,,,,,,,,,,,,,,,,,,,,,,,,,,,
,,,,,,,,Evizo_OW 143/04,,,,,,,,,,,,,,,,,,,,,,,,,,,
,,,,,,,,Evizo_OW 143/05,,,,,,,,,,,,,,,,,,,,,,,,,,,
,,,,,,,,Evizo_OW 143/06,,,,,,,,,,,,,,,,,,,,,,,,,,,
,,,,,,,,Evizo_OW 143/07,,,,,,,,,,,,,,,,,,,,,,,,,,,
,,,,,,,,Evizo_OW 143/08,,,,,,,,,,,,,,,,,,,,,,,,,,,
,,,,,,,,Evizo_OW 143/09,,,,,,,,,,,,,,,,,,,,,,,,,,,
,,,,,,,,Evizo_OW 143/10,,,,,,,,,,,,,,,,,,,,,,,,,,,
,,,,,,,,Youtheul_CC 427/17,,,,,,,,,,,,,,,,,,,,,,,,,,,
,,,,,,,,Youtheul_CC 427/18,,,,,,,,,,,,,,,,,,,,,,,,,,,
,,,,,,,,Youtheul_CC 427/19,,,,,,,,,,,,,,,,,,,,,,,,,,,
,,,,,,,,Youtheul_CC 427/20,,,,,,,,,,,,,,,,,,,,,,,,,,,
,,,,,,,,Youtheul_CC 427/21,,,,,,,,,,,,,,,,,,,,,,,,,,,
,,,,,,,,Youtheul_CC 427/22,,,,,,,,,,,,,,,,,,,,,,,,,,,
,,,,,,,,Youtheul_CC 427/23,,,,,,,,,,,,,,,,,,,,,,,,,,,
,,,,,,,,Youtheul_CC 427/24,,,,,,,,,,,,,,,,,,,,,,,,,,,
,,,,,,,,Famille confiance_OW 189/10,,,,,,,,,,,,,,,,,,,,,,,,,,,
,,,,,,,,Famille confiance_OW 189/11,,,,,,,,,,,,,,,,,,,,,,,,,,,
,,,,,,,,Famille confiance_OW 189/12,,,,,,,,,,,,,,,,,,,,,,,,,,,
,,,,,,,,Famille confiance_OW 189/13,,,,,,,,,,,,,,,,,,,,,,,,,,,
,,,,,,,,Famille confiance_OW 189/14,,,,,,,,,,,,,,,,,,,,,,,,,,,
,,,,,,,,Famille confiance_OW 189/15,,,,,,,,,,,,,,,,,,,,,,,,,,,
,,,,,,,,Famille confiance_OW 189/16,,,,,,,,,,,,,,,,,,,,,,,,,,,
,,,,,,,,Famille confiance_OW 189/17,,,,,,,,,,,,,,,,,,,,,,,,,,,
,,,,,,,,Famille confiance_OW 189/18,,,,,,,,,,,,,,,,,,,,,,,,,,,
,,,,,,,,Famille confiance_OW 189/19,,,,,,,,,,,,,,,,,,,,,,,,,,,
,,,,,,,,Yannick_OW 091/08,,,,,,,,,,,,,,,,,,,,,,,,,,,
,,,,,,,,Yannick_OW 091/09,,,,,,,,,,,,,,,,,,,,,,,,,,,
,,,,,,,,Yannick_OW 091/10,,,,,,,,,,,,,,,,,,,,,,,,,,,
,,,,,,,,Yannick_OW 091/11,,,,,,,,,,,,,,,,,,,,,,,,,,,
,,,,,,,,Yannick_OW 091/12,,,,,,,,,,,,,,,,,,,,,,,,,,,
,,,,,,,,Yannick_OW 091/13,,,,,,,,,,,,,,,,,,,,,,,,,,,
,,,,,,,,Yannick_OW 091/14,,,,,,,,,,,,,,,,,,,,,,,,,,,
,,,,,,,,Yannick_OW 091/15,,,,,,,,,,,,,,,,,,,,,,,,,,,
,,,,,,,,Yannick_OW 091/16,,,,,,,,,,,,,,,,,,,,,,,,,,,
,,,,,,,,Seeg 1_OW. 034/02,,,,,,,,,,,,,,,,,,,,,,,,,,,
,,,,,,,,LG_OW. 039/07,,,,,,,,,,,,,,,,,,,,,,,,,,,
,,,,,,,,Babatunde_OW. 121/01,,,,,,,,,,,,,,,,,,,,,,,,,,,
,,,,,,,,Ronaldo 1_CC. 527/17,,,,,,,,,,,,,,,,,,,,,,,,,,,
,,,,,,,,Poba 1_OW. 160/21,,,,,,,,,,,,,,,,,,,,,,,,,,,
,,,,,,,,Idowu_AK. 028/19,,,,,,,,,,,,,,,,,,,,,,,,,,,
,,,,,,,,Tope_OW. 129/20,,,,,,,,,,,,,,,,,,,,,,,,,,,
,,,,,,,,Grace à Dieu_L. 321/08,,,,,,,,,,,,,,,,,,,,,,,,,,,
,,,,,,,,Papa 1_OW. 128/99,,,,,,,,,,,,,,,,,,,,,,,,,,,
,,,,,,,,Etienne_L. 030/02,,,,,,,,,,,,,,,,,,,,,,,,,,,
,,,,,,,,Kessany_OW. 138/01,,,,,,,,,,,,,,,,,,,,,,,,,,,
,,,,,,,,Ope Oluwa_kG. 040/14,,,,,,,,,,,,,,,,,,,,,,,,,,,
,,,,,,,,Mini 2_CC. 239/05,,,,,,,,,,,,,,,,,,,,,,,,,,,
,,,,,,,,Oiseau 2_CC. 429/14,,,,,,,,,,,,,,,,,,,,,,,,,,,
,,,,,,,,Oiseau 1_L. 129/02,,,,,,,,,,,,,,,,,,,,,,,,,,,
,,,,,,,,Mini 1_CC. 112/02,,,,,,,,,,,,,,,,,,,,,,,,,,,
,,,,,,,,Sefoumi_OW. 033/07,,,,,,,,,,,,,,,,,,,,,,,,,,,
,,,,,,,,Disco_L. 094/13,,,,,,,,,,,,,,,,,,,,,,,,,,,
,,,,,,,,Dayisi_L. 028/13,,,,,,,,,,,,,,,,,,,,,,,,,,,
,,,,,,,,Seyifumi_OW. 181/09,,,,,,,,,,,,,,,,,,,,,,,,,,,
,,,,,,,,Alahuda_CC. 531/18,,,,,,,,,,,,,,,,,,,,,,,,,,,
,,,,,,,,Nicolas 2_OW. 299/10,,,,,,,,,,,,,,,,,,,,,,,,,,,
,,,,,,,,Famille Confiance 3_OW. 278/10,,,,,,,,,,,,,,,,,,,,,,,,,,,
,,,,,,,,Peter_OW. 063/17,,,,,,,,,,,,,,,,,,,,,,,,,,,
,,,,,,,,Taye_OW. 054/11,,,,,,,,,,,,,,,,,,,,,,,,,,,
,,,,,,,,Indurance 2_OW. 034/08,,,,,,,,,,,,,,,,,,,,,,,,,,,
,,,,,,,,Seun_L. 011/00,,,,,,,,,,,,,,,,,,,,,,,,,,,
,,,,,,,,Lewis 1_OW. 058/07,,,,,,,,,,,,,,,,,,,,,,,,,,,
,,,,,,,,YANNICK OW. 091/08,,,,,,,,,,,,,,,,,,,,,,,,,,,
,,,,,,,,APG_CC. 345/12,,,,,,,,,,,,,,,,,,,,,,,,,,,
,,,,,,,,Justice_L. 146/00,,,,,,,,,,,,,,,,,,,,,,,,,,,
,,,,,,,,Mamba_OW. 048/11,,,,,,,,,,,,,,,,,,,,,,,,,,,
,,,,,,,,YOUTHEUL CC427/17,,,,,,,,,,,,,,,,,,,,,,,,,,,
,,,,,,,,Eniola_OW. 202/01,,,,,,,,,,,,,,,,,,,,,,,,,,,
,,,,,,,,EVIZO  143/01,,,,,,,,,,,,,,,,,,,,,,,,,,,
,,,,,,,,ALAHUDA CC521/18,,,,,,,,,,,,,,,,,,,,,,,,,,,
,,,,,,,,Segue_CC. 402/13,,,,,,,,,,,,,,,,,,,,,,,,,,,
,,,,,,,,Kehinde_OW. 007/11,,,,,,,,,,,,,,,,,,,,,,,,,,,
,,,,,,,,Joseph 1_OW. 006/16,,,,,,,,,,,,,,,,,,,,,,,,,,,
,,,,,,,,Olododo_CC. 427/14,,,,,,,,,,,,,,,,,,,,,,,,,,,
,,,,,,,,Ngadi 3_OW. 330/10,,,,,,,,,,,,,,,,,,,,,,,,,,,
,,,,,,,,YEUTHEUL CC 477/17,,,,,,,,,,,,,,,,,,,,,,,,,,,
,,,,,,,,Ayenu_CC. 143/06,,,,,,,,,,,,,,,,,,,,,,,,,,,
,,,,,,,,La Maison Blanche_OW. 107/13,,,,,,,,,,,,,,,,,,,,,,,,,,,
,,,,,,,,ANDREW_L. 280/99,,,,,,,,,,,,,,,,,,,,,,,,,,,
,,,,,,,,ADE CC 527/17,,,,,,,,,,,,,,,,,,,,,,,,,,,
,,,,,,,,YANNICK OW 091/08,,,,,,,,,,,,,,,,,,,,,,,,,,,
,,,,,,,,Gohu Debo 1_OW. 113/12,,,,,,,,,,,,,,,,,,,,,,,,,,,
,,,,,,,,ADREW L 280/99,,,,,,,,,,,,,,,,,,,,,,,,,,,
,,,,,,,,YANICK OW 091/08,,,,,,,,,,,,,,,,,,,,,,,,,,,
,,,,,,,,Madama_OW. 030/18,,,,,,,,,,,,,,,,,,,,,,,,,,,
,,,,,,,,Obawadu_OW. 104/12,,,,,,,,,,,,,,,,,,,,,,,,,,,
,,,,,,,,Ngadi 1_L. 347/02,,,,,,,,,,,,,,,,,,,,,,,,,,,
,,,,,,,,DISCO L 094/13,,,,,,,,,,,,,,,,,,,,,,,,,,,
,,,,,,,,Bebe 3_L. 256/00,,,,,,,,,,,,,,,,,,,,,,,,,,,
,,,,,,,,Grace à Dieu_L. 326/02,,,,,,,,,,,,,,,,,,,,,,,,,,,
,,,,,,,,Ade_L. 114/02,,,,,,,,,,,,,,,,,,,,,,,,,,,
,,,,,,,,Dieu merci_AK. 029/19,,,,,,,,,,,,,,,,,,,,,,,,,,,
,,,,,,,,EVIZO OW 143/01,,,,,,,,,,,,,,,,,,,,,,,,,,,
,,,,,,,,Eva maria 2_OW. 057/18,,,,,,,,,,,,,,,,,,,,,,,,,,,
,,,,,,,,L'éternel est mon berger_AK. 025/19,,,,,,,,,,,,,,,,,,,,,,,,,,,
,,,,,,,,Princesse_L. 055/05,,,,,,,,,,,,,,,,,,,,,,,,,,,
,,,,,,,,Dieu jugera_OW. 142/20,,,,,,,,,,,,,,,,,,,,,,,,,,,
,,,,,,,,Les jumeaux_OW. 067/17,,,,,,,,,,,,,,,,,,,,,,,,,,,
,,,,,,,,Dieu est capable 1_L. 225/07,,,,,,,,,,,,,,,,,,,,,,,,,,,
,,,,,,,,Grace Esperance 2_OW. 042/17,,,,,,,,,,,,,,,,,,,,,,,,,,,
,,,,,,,,Nazareth 2_L. 017/16,,,,,,,,,,,,,,,,,,,,,,,,,,,
,,,,,,,,SEGUN OW 047/13,,,,,,,,,,,,,,,,,,,,,,,,,,,
,,,,,,,,God Bless 1_260/95,,,,,,,,,,,,,,,,,,,,,,,,,,,
,,,,,,,,God Bless 1  L260/95,,,,,,,,,,,,,,,,,,,,,,,,,,,
,,,,,,,,Ekwata_L. 081/00,,,,,,,,,,,,,,,,,,,,,,,,,,,
,,,,,,,,SEGUN OW O47/13,,,,,,,,,,,,,,,,,,,,,,,,,,,
,,,,,,,,Justice divine_L. 005/23,,,,,,,,,,,,,,,,,,,,,,,,,,,
,,,,,,,,Segun_OW 047/13,,,,,,,,,,,,,,,,,,,,,,,,,,,
,,,,,,,,Moupouchou_L. 019/11,,,,,,,,,,,,,,,,,,,,,,,,,,,
,,,,,,,,Keke_L. 007/02,,,,,,,,,,,,,,,,,,,,,,,,,,,
,,,,,,,,La source 1_OW. 313/10,,,,,,,,,,,,,,,,,,,,,,,,,,,
,,,,,,,,Ma nouvelle aube_KG. 013/18,,,,,,,,,,,,,,,,,,,,,,,,,,,
,,,,,,,,On Dit Quoi_L. 205/06,,,,,,,,,,,,,,,,,,,,,,,,,,,
,,,,,,,,MIMO OW146/09,,,,,,,,,,,,,,,,,,,,,,,,,,,
,,,,,,,,Beni_KG. 002/19,,,,,,,,,,,,,,,,,,,,,,,,,,,
,,,,,,,,Protection divine_AK. 015/21,,,,,,,,,,,,,,,,,,,,,,,,,,,
,,,,,,,,Grâce à Dieu_OW. 090/15,,,,,,,,,,,,,,,,,,,,,,,,,,,
,,,,,,,,Tony_OW. 092/01,,,,,,,,,,,,,,,,,,,,,,,,,,,
,,,,,,,,God Bless 2_CC. 578/21,,,,,,,,,,,,,,,,,,,,,,,,,,,
,,,,,,,,Cooper_OW. 207/08,,,,,,,,,,,,,,,,,,,,,,,,,,,
,,,,,,,,Océan Alyson_OW 161/21,,,,,,,,,,,,,,,,,,,,,,,,,,,
,,,,,,,,Marie Claire_AK 061/20,,,,,,,,,,,,,,,,,,,,,,,,,,,
,,,,,,,,Alice Pecherie_AK 027/24,,,,,,,,,,,,,,,,,,,,,,,,,,,
,,,,,,,,Espoir 2_AK 048/24,,,,,,,,,,,,,,,,,,,,,,,,,,,
,,,,,,,,Maxime_AK 019/24,,,,,,,,,,,,,,,,,,,,,,,,,,,
,,,,,,,,La Margeris d'Akanda_AK 022/20,,,,,,,,,,,,,,,,,,,,,,,,,,,
,,,,,,,,Only God_AK 037/24,,,,,,,,,,,,,,,,,,,,,,,,,,,
,,,,,,,,Campe 2_AK 029/24,,,,,,,,,,,,,,,,,,,,,,,,,,,
,,,,,,,,Crampe 1_L 006/23,,,,,,,,,,,,,,,,,,,,,,,,,,,
,,,,,,,,Claire Voyance_AK 040/24,,,,,,,,,,,,,,,,,,,,,,,,,,,
,,,,,,,,Louange_AK 039/24,,,,,,,,,,,,,,,,,,,,,,,,,,,
,,,,,,,,Espoir 1_AK 045/24,,,,,,,,,,,,,,,,,,,,,,,,,,,
,,,,,,,,Mikebo_OW. 052/14,,,,,,,,,,,,,,,,,,,,,,,,,,,
,,,,,,,,Diboti 2_L. 005/20,,,,,,,,,,,,,,,,,,,,,,,,,,,
,,,,,,,,LOUANGE AK 039/24,,,,,,,,,,,,,,,,,,,,,,,,,,,
,,,,,,,,CLAIRE VOYANCE AK 040/24,,,,,,,,,,,,,,,,,,,,,,,,,,,
,,,,,,,,Véronique 2_KG. 064/15,,,,,,,,,,,,,,,,,,,,,,,,,,,
,,,,,,,,LA MARGERIS D AKANDA AK 022/20,,,,,,,,,,,,,,,,,,,,,,,,,,,
,,,,,,,,LA MAGERIS D AKANDA AK 022/20,,,,,,,,,,,,,,,,,,,,,,,,,,,
,,,,,,,,Bebe 2_L. 307/02,,,,,,,,,,,,,,,,,,,,,,,,,,,
,,,,,,,,Le vieux_L. 035/00,,,,,,,,,,,,,,,,,,,,,,,,,,,
,,,,,,,,Abla  L. 019/97,,,,,,,,,,,,,,,,,,,,,,,,,,,
,,,,,,,,Ange ami AK. 034/24,,,,,,,,,,,,,,,,,,,,,,,,,,,
,,,,,,,,Abibi_OW 097/19,,,,,,,,,,,,,,,,,,,,,,,,,,,
,,,,,,,,La difference_OW 002/03,,,,,,,,,,,,,,,,,,,,,,,,,,,
,,,,,,,,La djoue Onga_OW 029/07,,,,,,,,,,,,,,,,,,,,,,,,,,,
,,,,,,,,Abibi 1_OW. 022/02,,,,,,,,,,,,,,,,,,,,,,,,,,,
,,,,,,,,LA DJOUE ONGA OW 029/07,,,,,,,,,,,,,,,,,,,,,,,,,,,
,,,,,,,,Nyingone_OW. 288/10,,,,,,,,,,,,,,,,,,,,,,,,,,,
,,,,,,,,La DEFERNCE OW 002/03,,,,,,,,,,,,,,,,,,,,,,,,,,,
,,,,,,,,Akewa nyambie  OW. 098/19,,,,,,,,,,,,,,,,,,,,,,,,,,,
,,,,,,,,Brigitte 1 L.088/99,,,,,,,,,,,,,,,,,,,,,,,,,,,
,,,,,,,,Kiket 2_OW. 187/12,,,,,,,,,,,,,,,,,,,,,,,,,,,
,,,,,,,,Kiket 4_OW. 007/13,,,,,,,,,,,,,,,,,,,,,,,,,,,
,,,,,,,,Kiket 1_L. 061/03,,,,,,,,,,,,,,,,,,,,,,,,,,,
,,,,,,,,Claude_OW. 122/01,,,,,,,,,,,,,,,,,,,,,,,,,,,
,,,,,,,,La leconi 1_L. 237/03,,,,,,,,,,,,,,,,,,,,,,,,,,,
,,,,,,,,Lewis 2_L. 272/08,,,,,,,,,,,,,,,,,,,,,,,,,,,
,,,,,,,,Obaguidjala_OW. 057/01,,,,,,,,,,,,,,,,,,,,,,,,,,,
,,,,,,,,Owode_OW. 027/13,,,,,,,,,,,,,,,,,,,,,,,,,,,
,,,,,,,,La Bouenguidi_L. 073/03,,,,,,,,,,,,,,,,,,,,,,,,,,,
,,,,,,,,La leconi 2_OW. 221/09,,,,,,,,,,,,,,,,,,,,,,,,,,,
,,,,,,,,Toyin 2_OW. 006/13,,,,,,,,,,,,,,,,,,,,,,,,,,,
,,,,,,,,Akewa  L. 046/00,,,,,,,,,,,,,,,,,,,,,,,,,,,
,,,,,,,,Herbert_AK. 008/22,,,,,,,,,,,,,,,,,,,,,,,,,,,
,,,,,,,,Leon 2_AK. 007/22,,,,,,,,,,,,,,,,,,,,,,,,,,,
,,,,,,,,Qui sait l'avenir_OW. 202/12,,,,,,,,,,,,,,,,,,,,,,,,,,,
,,,,,,,,Akewa_L. 046/00,,,,,,,,,,,,,,,,,,,,,,,,,,,
,,,,,,,,Maye sur mer_L. 024/12,,,,,,,,,,,,,,,,,,,,,,,,,,,
,,,,,,,,Anyamb Akewa_OW. 098/19,,,,,,,,,,,,,,,,,,,,,,,,,,,
,,,,,,,,Tipolo 2_OW. 003/11,,,,,,,,,,,,,,,,,,,,,,,,,,,
,,,,,,,,Anu Oluwa 2_OW 040/16,,,,,,,,,,,,,,,,,,,,,,,,,,,
,,,,,,,,Emmanuel_KG. 014/14,,,,,,,,,,,,,,,,,,,,,,,,,,,
,,,,,,,,KG 021/14_,,,,,,,,,,,,,,,,,,,,,,,,,,,
,,,,,,,,Irede_KG. 028/14,,,,,,,,,,,,,,,,,,,,,,,,,,,
,,,,,,,,Puma_OW. 045/18,,,,,,,,,,,,,,,,,,,,,,,,,,,
,,,,,,,,Awayino_KG. 048/14,,,,,,,,,,,,,,,,,,,,,,,,,,,
,,,,,,,,Raphael_KG. 034/14,,,,,,,,,,,,,,,,,,,,,,,,,,,
,,,,,,,,John 1_OW. 126/12,,,,,,,,,,,,,,,,,,,,,,,,,,,
,,,,,,,,Bitam_AK. 032/19,,,,,,,,,,,,,,,,,,,,,,,,,,,
,,,,,,,,Ademola_KG. 042/15,,,,,,,,,,,,,,,,,,,,,,,,,,,
,,,,,,,,Lady_KG. 024/14,,,,,,,,,,,,,,,,,,,,,,,,,,,
,,,,,,,,Agbo Ola_KG. 036/14,,,,,,,,,,,,,,,,,,,,,,,,,,,
,,,,,,,,Moboladji_OW. 061/11,,,,,,,,,,,,,,,,,,,,,,,,,,,
,,,,,,,,Lekabi 2_CC. 328/11,,,,,,,,,,,,,,,,,,,,,,,,,,,
,,,,,,,,Fougamou_AK. 024/21,,,,,,,,,,,,,,,,,,,,,,,,,,,
,,,,,,,,Vidav 5_KG. 019/14,,,,,,,,,,,,,,,,,,,,,,,,,,,
,,,,,,,,Elie_kG. 016/14,,,,,,,,,,,,,,,,,,,,,,,,,,,
,,,,,,,,Obayelu_L. 355/09,,,,,,,,,,,,,,,,,,,,,,,,,,,
,,,,,,,,La Semence_CC. 163/07,,,,,,,,,,,,,,,,,,,,,,,,,,,
,,,,,,,,MOBOLAJI OW 061/11,,,,,,,,,,,,,,,,,,,,,,,,,,,
,,,,,,,,Oss-Kama 5_CC. 546/19,,,,,,,,,,,,,,,,,,,,,,,,,,,
,,,,,,,,Oss-Kama 6_L. 244/07,,,,,,,,,,,,,,,,,,,,,,,,,,,
,,,,,,,,Oss-kama 3_L. 005/18,,,,,,,,,,,,,,,,,,,,,,,,,,,
,,,,,,,,Jean_KG. 029/14,,,,,,,,,,,,,,,,,,,,,,,,,,,
,,,,,,,,Merci mon Dieu_CC. 300/10,,,,,,,,,,,,,,,,,,,,,,,,,,,
,,,,,,,,Ephrem_KG. 020/14,,,,,,,,,,,,,,,,,,,,,,,,,,,
,,,,,,,,Oba Ni Jesu_KG. 015/14,,,,,,,,,,,,,,,,,,,,,,,,,,,
,,,,,,,,Sharp 2_AK. 027/19,,,,,,,,,,,,,,,,,,,,,,,,,,,
,,,,,,,,Ocean Alyson_OW 161/21,,,,,,,,,,,,,,,,,,,,,,,,,,,
,,,,,,,,L'aide de Dieu_L. 002/20,,,,,,,,,,,,,,,,,,,,,,,,,,,
,,,,,,,,Margiris d'akanda_AK. 022/20,,,,,,,,,,,,,,,,,,,,,,,,,,,
,,,,,,,,Trésor 3_KG. 005/17,,,,,,,,,,,,,,,,,,,,,,,,,,,
,,,,,,,,Véronique 1_L. 013/17,,,,,,,,,,,,,,,,,,,,,,,,,,,
,,,,,,,,Source de vie_AK. 013/22,,,,,,,,,,,,,,,,,,,,,,,,,,,
,,,,,,,,Sogapa 1 L. 166/08,,,,,,,,,,,,,,,,,,,,,,,,,,,
,,,,,,,,Sogapa 28 OW. 146/12,,,,,,,,,,,,,,,,,,,,,,,,,,,
,,,,,,,,Sogapa 9_OW. 078/07,,,,,,,,,,,,,,,,,,,,,,,,,,,
,,,,,,,,Sogapa 30_L. 166/99,,,,,,,,,,,,,,,,,,,,,,,,,,,
,,,,,,,,Sogapa 4_OW. 082/07,,,,,,,,,,,,,,,,,,,,,,,,,,,
,,,,,,,,Sogapa 10_OW. 043/13,,,,,,,,,,,,,,,,,,,,,,,,,,,
,,,,,,,,Anyambie Akewa  OW. 981/19,,,,,,,,,,,,,,,,,,,,,,,,,,,
,,,,,,,,Koffi Manana_L. 121/98,,,,,,,,,,,,,,,,,,,,,,,,,,,
,,,,,,,,No Cry Fabi_L. 002/98,,,,,,,,,,,,,,,,,,,,,,,,,,,
,,,,,,,,Amoussougbo_L. 047/94,,,,,,,,,,,,,,,,,,,,,,,,,,,
,,,,,,,,Abla Fisherman_L. 009/95,,,,,,,,,,,,,,,,,,,,,,,,,,,
,,,,,,,,ABLA AFKO_L. 197/90,,,,,,,,,,,,,,,,,,,,,,,,,,,
,,,,,,,,Essongue_L. 198/90,,,,,,,,,,,,,,,,,,,,,,,,,,,
,,,,,,,,Malenou Dagnon_OW. 227/09,,,,,,,,,,,,,,,,,,,,,,,,,,,
,,,,,,,,Mandela_L. 053/85,,,,,,,,,,,,,,,,,,,,,,,,,,,
,,,,,,,,Enyonami_L. 346/09,,,,,,,,,,,,,,,,,,,,,,,,,,,
,,,,,,,,Experience_L. 048/96,,,,,,,,,,,,,,,,,,,,,,,,,,,
,,,,,,,,Courage 1_CC. 192/08,,,,,,,,,,,,,,,,,,,,,,,,,,,
,,,,,,,,Doffon Adoun Mandokin_L. 125/09,,,,,,,,,,,,,,,,,,,,,,,,,,,
,,,,,,,,Kedji Canal_L. 084/99,,,,,,,,,,,,,,,,,,,,,,,,,,,
,,,,,,,,Comlan Delmas_L. 003/03,,,,,,,,,,,,,,,,,,,,,,,,,,,
,,,,,,,,Alix_OW. 336/10,,,,,,,,,,,,,,,,,,,,,,,,,,,
,,,,,,,,Gbelassi_OW. 326/06,,,,,,,,,,,,,,,,,,,,,,,,,,,
,,,,,,,,Agnin_L. 131/96,,,,,,,,,,,,,,,,,,,,,,,,,,,
,,,,,,,,Dieu donne  L. 276/04,,,,,,,,,,,,,,,,,,,,,,,,,,,
,,,,,,,,Abla  L. 019/97,,,,,,,,,,,,,,,,,,,,,,,,,,,
,,,,,,,,Equateur 21,,,,,,,,,,,,,,,,,,,,,,,,,,,
,,,,,,,,Gbtongnidan L.145/97,,,,,,,,,,,,,,,,,,,,,,,,,,,
,,,,,,,,Union Capal,,,,,,,,,,,,,,,,,,,,,,,,,,,
,,,,,,,,Alade_KG. 044/14,,,,,,,,,,,,,,,,,,,,,,,,,,,
,,,,,,,,Foloba_L. 019/07,,,,,,,,,,,,,,,,,,,,,,,,,,,
,,,,,,,,Anna_L. 250/07,,,,,,,,,,,,,,,,,,,,,,,,,,,
,,,,,,,,Zion_L. 104/94,,,,,,,,,,,,,,,,,,,,,,,,,,,
,,,,,,,,Ogologo agba,,,,,,,,,,,,,,,,,,,,,,,,,,,
,,,,,,,,Oudou,,,,,,,,,,,,,,,,,,,,,,,,,,,
,,,,,,,,Messi_L. 150/98,,,,,,,,,,,,,,,,,,,,,,,,,,,
,,,,,,,,Body 1_OW. 245/10,,,,,,,,,,,,,,,,,,,,,,,,,,,
,,,,,,,,Body 2_OW. 247/10,,,,,,,,,,,,,,,,,,,,,,,,,,,
,,,,,,,,Dieu est grand_L. 387/10,,,,,,,,,,,,,,,,,,,,,,,,,,,
,,,,,,,,La wano 1_OW. 071/17,,,,,,,,,,,,,,,,,,,,,,,,,,,
,,,,,,,,Tristar 2_L. 019/05,,,,,,,,,,,,,,,,,,,,,,,,,,,
,,,,,,,,Bthel pg 448/14,,,,,,,,,,,,,,,,,,,,,,,,,,,
,,,,,,,,Eliana laure,,,,,,,,,,,,,,,,,,,,,,,,,,,
,,,,,,,,Dieu est amour_OW. 117/12,,,,,,,,,,,,,,,,,,,,,,,,,,,
,,,,,,,,Ehuzu2,,,,,,,,,,,,,,,,,,,,,,,,,,,
,,,,,,,,Femi_L. 229/99,,,,,,,,,,,,,,,,,,,,,,,,,,,
,,,,,,,,Ismael_OW. 141/12,,,,,,,,,,,,,,,,,,,,,,,,,,,
,,,,,,,,Temi_L. 190/98,,,,,,,,,,,,,,,,,,,,,,,,,,,
,,,,,,,,Sogapa 28_OW 146/12,,,,,,,,,,,,,,,,,,,,,,,,,,,
,,,,,,,,Sogapa 28_OW 146/13,,,,,,,,,,,,,,,,,,,,,,,,,,,
,,,,,,,,Sogapa 28_OW 146/14,,,,,,,,,,,,,,,,,,,,,,,,,,,
,,,,,,,,Sogapa 28_OW 146/15,,,,,,,,,,,,,,,,,,,,,,,,,,,
,,,,,,,,Sogapa 28_OW 146/16,,,,,,,,,,,,,,,,,,,,,,,,,,,
,,,,,,,,Sogapa 28_OW 146/17,,,,,,,,,,,,,,,,,,,,,,,,,,,
,,,,,,,,Sogapa 28_OW 146/18,,,,,,,,,,,,,,,,,,,,,,,,,,,
,,,,,,,,Sogapa 28_OW 146/19,,,,,,,,,,,,,,,,,,,,,,,,,,,
,,,,,,,,Sogapa 28_OW 146/20,,,,,,,,,,,,,,,,,,,,,,,,,,,
,,,,,,,,Sogapa 28_OW 146/21,,,,,,,,,,,,,,,,,,,,,,,,,,,
,,,,,,,,Sogapa 28_OW 146/22,,,,,,,,,,,,,,,,,,,,,,,,,,,
,,,,,,,,Villageoise,,,,,,,,,,,,,,,,,,,,,,,,,,,
